"","country","iso2c","year","lower_95","lower_90","median","upper_90","upper_95"
"1","Argentina","AR","1990",-0.062,0.043,0.461,0.979,1.024
"2","Argentina","AR","1991",0.028,0.079,0.473,0.952,1.053
"3","Argentina","AR","1992",0.016,0.046,0.502,0.913,1.053
"4","Argentina","AR","1993",0.077,0.097,0.532,0.94,1.084
"5","Argentina","AR","1994",0.138,0.195,0.597,1.008,1.129
"6","Argentina","AR","1995",0.1,0.249,0.64,1.089,1.073
"7","Argentina","AR","1996",0.111,0.286,0.68,1.121,1.153
"8","Argentina","AR","1997",0.144,0.321,0.719,1.162,1.155
"9","Argentina","AR","1998",0.31,0.377,0.767,1.173,1.273
"10","Argentina","AR","1999",0.333,0.438,0.841,1.308,1.404
"11","Argentina","AR","2000",0.453,0.493,0.921,1.383,1.532
"12","Argentina","AR","2001",0.488,0.528,1.006,1.472,1.641
"13","Argentina","AR","2002",0.51,0.587,1.057,1.631,1.749
"14","Argentina","AR","2003",0.55,0.582,1.13,1.728,1.914
"15","Argentina","AR","2004",0.574,0.617,1.174,1.812,1.985
"16","Argentina","AR","2005",0.617,0.648,1.225,1.935,2.157
"17","Argentina","AR","2006",0.576,0.661,1.294,2.047,2.225
"18","Argentina","AR","2007",0.664,0.664,1.34,2.212,2.465
"19","Argentina","AR","2008",0.592,0.663,1.387,2.251,2.456
"20","Argentina","AR","2009",0.593,0.622,1.407,2.256,2.508
"21","Argentina","AR","2010",0.544,0.641,1.406,2.26,2.487
"22","Argentina","AR","2011",0.502,0.633,1.37,2.282,2.497
"23","Aruba","AW","1990",-0.45,-0.439,-0.391,-0.339,-0.313
"24","Aruba","AW","1991",-0.417,-0.408,-0.365,-0.319,-0.304
"25","Aruba","AW","1992",-0.408,-0.403,-0.357,-0.313,-0.291
"26","Aruba","AW","1993",-0.41,-0.395,-0.352,-0.302,-0.288
"27","Aruba","AW","1994",-0.4,-0.396,-0.346,-0.3,-0.275
"28","Aruba","AW","1995",-0.397,-0.387,-0.344,-0.294,-0.276
"29","Aruba","AW","1996",-0.4,-0.384,-0.343,-0.286,-0.273
"30","Aruba","AW","1997",-0.397,-0.388,-0.342,-0.292,-0.274
"31","Aruba","AW","1998",-0.396,-0.381,-0.342,-0.284,-0.273
"32","Aruba","AW","1999",-0.396,-0.383,-0.342,-0.285,-0.273
"33","Aruba","AW","2000",-0.398,-0.383,-0.341,-0.284,-0.272
"34","Aruba","AW","2001",-0.4,-0.383,-0.342,-0.283,-0.273
"35","Aruba","AW","2002",-0.393,-0.385,-0.341,-0.285,-0.27
"36","Aruba","AW","2003",-0.399,-0.387,-0.342,-0.287,-0.274
"37","Aruba","AW","2004",-0.401,-0.383,-0.342,-0.284,-0.274
"38","Aruba","AW","2005",-0.394,-0.387,-0.342,-0.29,-0.27
"39","Aruba","AW","2006",-0.391,-0.386,-0.342,-0.29,-0.267
"40","Aruba","AW","2007",-0.399,-0.391,-0.344,-0.295,-0.277
"41","Aruba","AW","2008",-0.401,-0.396,-0.347,-0.297,-0.277
"42","Aruba","AW","2009",-0.408,-0.397,-0.351,-0.3,-0.285
"43","Aruba","AW","2010",-0.415,-0.409,-0.361,-0.318,-0.297
"44","Aruba","AW","2011",-0.449,-0.437,-0.387,-0.335,-0.314
"45","Australia","AU","1990",-0.077,-0.011,0.276,0.597,0.656
"46","Australia","AU","1991",-0.113,-0.033,0.271,0.583,0.637
"47","Australia","AU","1992",-0.087,-0.027,0.276,0.577,0.63
"48","Australia","AU","1993",-0.06,-0.026,0.276,0.577,0.661
"49","Australia","AU","1994",-0.083,0.036,0.277,0.649,0.652
"50","Australia","AU","1995",-0.085,0.014,0.279,0.6,0.637
"51","Australia","AU","1996",-0.094,-0.006,0.282,0.587,0.621
"52","Australia","AU","1997",-0.048,-0.016,0.283,0.579,0.655
"53","Australia","AU","1998",-0.059,-0.016,0.279,0.572,0.642
"54","Australia","AU","1999",-0.08,-0.036,0.284,0.571,0.648
"55","Australia","AU","2000",-0.044,-0.012,0.295,0.582,0.648
"56","Australia","AU","2001",-0.019,0.012,0.313,0.586,0.658
"57","Australia","AU","2002",0.017,0.073,0.316,0.61,0.666
"58","Australia","AU","2003",0.009,0.078,0.33,0.626,0.646
"59","Australia","AU","2004",0.028,0.062,0.339,0.604,0.656
"60","Australia","AU","2005",0.021,0.106,0.353,0.648,0.712
"61","Australia","AU","2006",0.036,0.116,0.378,0.67,0.714
"62","Australia","AU","2007",0.052,0.115,0.407,0.709,0.792
"63","Australia","AU","2008",0.06,0.113,0.427,0.804,0.969
"64","Australia","AU","2009",0.062,0.105,0.448,0.822,1.045
"65","Australia","AU","2010",0.078,0.111,0.443,0.847,1.045
"66","Australia","AU","2011",0.057,0.095,0.441,0.839,1.006
"67","Austria","AT","1990",-0.332,-0.301,-0.107,0.155,0.213
"68","Austria","AT","1991",-0.311,-0.288,-0.105,0.121,0.182
"69","Austria","AT","1992",-0.307,-0.285,-0.106,0.109,0.17
"70","Austria","AT","1993",-0.336,-0.297,-0.124,0.095,0.149
"71","Austria","AT","1994",-0.328,-0.303,-0.134,0.068,0.133
"72","Austria","AT","1995",-0.325,-0.316,-0.154,0.032,0.104
"73","Austria","AT","1996",-0.343,-0.332,-0.186,0.015,0.075
"74","Austria","AT","1997",-0.369,-0.366,-0.26,-0.129,-0.081
"75","Austria","AT","1998",-0.681,-0.641,-0.515,-0.406,-0.389
"76","Austria","AT","1999",-0.491,-0.482,-0.409,-0.353,-0.333
"77","Austria","AT","2000",-0.371,-0.35,-0.216,-0.048,-0.012
"78","Austria","AT","2001",-0.328,-0.316,-0.128,0.091,0.154
"79","Austria","AT","2002",-0.293,-0.275,-0.072,0.183,0.254
"80","Austria","AT","2003",-0.284,-0.252,-0.041,0.252,0.315
"81","Austria","AT","2004",-0.284,-0.261,-0.018,0.249,0.308
"82","Austria","AT","2005",-0.286,-0.283,-0.002,0.265,0.359
"83","Austria","AT","2006",-0.251,-0.248,0.002,0.294,0.396
"84","Austria","AT","2007",-0.267,-0.259,0.003,0.274,0.366
"85","Austria","AT","2008",-0.268,-0.25,-0.005,0.277,0.347
"86","Austria","AT","2009",-0.273,-0.273,-0.013,0.268,0.372
"87","Austria","AT","2010",-0.308,-0.287,-0.033,0.251,0.328
"88","Austria","AT","2011",-0.313,-0.313,-0.034,0.275,0.363
"89","Bahamas, The","BS","1990",0.308,0.399,0.685,1.02,1.07
"90","Bahamas, The","BS","1991",0.285,0.411,0.683,0.995,1.027
"91","Bahamas, The","BS","1992",0.348,0.426,0.684,1.001,1.071
"92","Bahamas, The","BS","1993",0.374,0.42,0.686,0.998,1.07
"93","Bahamas, The","BS","1994",0.374,0.436,0.691,0.999,1.039
"94","Bahamas, The","BS","1995",0.368,0.458,0.69,0.998,1.004
"95","Bahamas, The","BS","1996",0.375,0.459,0.685,0.982,0.988
"96","Bahamas, The","BS","1997",0.382,0.452,0.691,0.965,0.979
"97","Bahamas, The","BS","1998",0.392,0.464,0.692,0.975,0.982
"98","Bahamas, The","BS","1999",0.401,0.455,0.686,0.965,0.983
"99","Bahamas, The","BS","2000",0.413,0.473,0.69,0.98,0.994
"100","Bahamas, The","BS","2001",0.414,0.433,0.693,0.94,0.997
"101","Bahamas, The","BS","2002",0.419,0.442,0.692,0.94,0.997
"102","Bahamas, The","BS","2003",0.435,0.477,0.697,0.96,1.004
"103","Bahamas, The","BS","2004",0.428,0.471,0.701,0.957,1.001
"104","Bahamas, The","BS","2005",0.43,0.483,0.703,0.97,1.01
"105","Bahamas, The","BS","2006",0.427,0.475,0.708,0.967,1.007
"106","Bahamas, The","BS","2007",0.445,0.488,0.711,0.983,1.035
"107","Bahamas, The","BS","2008",0.445,0.475,0.712,0.97,1.039
"108","Bahamas, The","BS","2009",0.428,0.48,0.709,0.979,1.03
"109","Bahamas, The","BS","2010",0.411,0.48,0.71,0.991,1.036
"110","Bahamas, The","BS","2011",0.428,0.459,0.708,0.985,1.069
"111","Bahrain","BH","1990",-0.394,-0.391,-0.317,-0.241,-0.219
"112","Bahrain","BH","1991",-0.403,-0.381,-0.313,-0.231,-0.215
"113","Bahrain","BH","1992",-0.371,-0.359,-0.252,-0.155,-0.126
"114","Bahrain","BH","1993",-0.325,-0.316,-0.153,0.078,0.153
"115","Bahrain","BH","1994",-0.315,-0.297,-0.092,0.211,0.348
"116","Bahrain","BH","1995",-0.304,-0.298,-0.054,0.276,0.438
"117","Bahrain","BH","1996",-0.279,-0.279,-0.022,0.306,0.43
"118","Bahrain","BH","1997",-0.301,-0.271,-0.037,0.284,0.391
"119","Bahrain","BH","1998",-0.316,-0.304,-0.074,0.204,0.313
"120","Bahrain","BH","1999",-0.325,-0.326,-0.13,0.14,0.249
"121","Bahrain","BH","2000",-0.366,-0.354,-0.225,-0.032,0.028
"122","Bahrain","BH","2001",-0.474,-0.456,-0.399,-0.344,-0.33
"123","Bahrain","BH","2002",-0.493,-0.474,-0.412,-0.352,-0.342
"124","Bahrain","BH","2003",-0.49,-0.476,-0.41,-0.35,-0.333
"125","Bahrain","BH","2004",-0.478,-0.47,-0.401,-0.353,-0.327
"126","Bahrain","BH","2005",-0.387,-0.378,-0.288,-0.175,-0.132
"127","Bahrain","BH","2006",-0.396,-0.38,-0.319,-0.233,-0.217
"128","Bahrain","BH","2007",-0.389,-0.38,-0.317,-0.243,-0.222
"129","Bahrain","BH","2008",-0.393,-0.379,-0.317,-0.231,-0.215
"130","Bahrain","BH","2009",-0.384,-0.382,-0.302,-0.217,-0.185
"131","Bahrain","BH","2010",-0.406,-0.395,-0.331,-0.259,-0.246
"132","Bahrain","BH","2011",-0.53,-0.49,-0.411,-0.349,-0.346
"133","Barbados","BB","1990",-0.326,-0.275,-0.049,0.22,0.249
"134","Barbados","BB","1991",-0.325,-0.265,-0.055,0.19,0.227
"135","Barbados","BB","1992",-0.295,-0.252,-0.054,0.158,0.205
"136","Barbados","BB","1993",-0.286,-0.262,-0.05,0.15,0.201
"137","Barbados","BB","1994",-0.276,-0.253,-0.053,0.16,0.222
"138","Barbados","BB","1995",-0.271,-0.233,-0.05,0.193,0.227
"139","Barbados","BB","1996",-0.253,-0.243,-0.06,0.194,0.257
"140","Barbados","BB","1997",-0.272,-0.26,-0.053,0.131,0.185
"141","Barbados","BB","1998",-0.285,-0.272,-0.053,0.145,0.217
"142","Barbados","BB","1999",-0.263,-0.235,-0.053,0.164,0.232
"143","Barbados","BB","2000",-0.257,-0.23,-0.044,0.177,0.239
"144","Barbados","BB","2001",-0.282,-0.24,-0.031,0.197,0.257
"145","Barbados","BB","2002",-0.262,-0.233,-0.013,0.238,0.309
"146","Barbados","BB","2003",-0.23,-0.229,-0.014,0.221,0.334
"147","Barbados","BB","2004",-0.209,-0.217,-0.021,0.259,0.358
"148","Barbados","BB","2005",-0.289,-0.247,-0.045,0.213,0.309
"149","Barbados","BB","2006",-0.293,-0.253,-0.08,0.169,0.21
"150","Barbados","BB","2007",-0.317,-0.311,-0.125,0.068,0.128
"151","Barbados","BB","2008",-0.335,-0.313,-0.184,-0.009,0.033
"152","Barbados","BB","2009",-0.378,-0.367,-0.263,-0.134,-0.088
"153","Barbados","BB","2010",-0.581,-0.559,-0.472,-0.386,-0.369
"154","Barbados","BB","2011",-0.655,-0.613,-0.506,-0.405,-0.394
"155","Belgium","BE","1990",-0.337,-0.3,-0.111,0.128,0.166
"156","Belgium","BE","1991",-0.313,-0.281,-0.111,0.092,0.134
"157","Belgium","BE","1992",-0.354,-0.302,-0.135,0.055,0.112
"158","Belgium","BE","1993",-0.342,-0.31,-0.16,-0.001,0.038
"159","Belgium","BE","1994",-0.375,-0.359,-0.237,-0.105,-0.067
"160","Belgium","BE","1995",-0.346,-0.319,-0.197,-0.035,-0.016
"161","Belgium","BE","1996",-0.35,-0.339,-0.211,-0.062,-0.015
"162","Belgium","BE","1997",-0.372,-0.365,-0.263,-0.126,-0.086
"163","Belgium","BE","1998",-0.47,-0.453,-0.397,-0.347,-0.329
"164","Belgium","BE","1999",-0.447,-0.43,-0.386,-0.339,-0.323
"165","Belgium","BE","2000",-0.368,-0.337,-0.215,-0.052,-0.026
"166","Belgium","BE","2001",-0.333,-0.292,-0.12,0.071,0.11
"167","Belgium","BE","2002",-0.295,-0.256,-0.075,0.158,0.213
"168","Belgium","BE","2003",-0.263,-0.232,-0.022,0.189,0.249
"169","Belgium","BE","2004",-0.255,-0.227,-0.012,0.213,0.277
"170","Belgium","BE","2005",-0.248,-0.232,0,0.219,0.288
"171","Belgium","BE","2006",-0.237,-0.213,0.01,0.226,0.293
"172","Belgium","BE","2007",-0.249,-0.217,0.02,0.238,0.307
"173","Belgium","BE","2008",-0.255,-0.206,0.017,0.281,0.347
"174","Belgium","BE","2009",-0.264,-0.233,0.023,0.294,0.379
"175","Belgium","BE","2010",-0.275,-0.241,0.019,0.317,0.42
"176","Belgium","BE","2011",-0.298,-0.277,0.023,0.336,0.467
"177","Brazil","BR","1990",-0.263,-0.215,0.329,0.844,0.968
"178","Brazil","BR","1991",-0.282,-0.164,0.347,0.911,0.939
"179","Brazil","BR","1992",-0.187,-0.12,0.35,0.875,0.984
"180","Brazil","BR","1993",-0.202,-0.096,0.369,0.9,0.941
"181","Brazil","BR","1994",-0.183,-0.094,0.374,0.87,0.961
"182","Brazil","BR","1995",-0.168,-0.071,0.417,0.922,1.008
"183","Brazil","BR","1996",-0.106,-0.032,0.527,1.056,1.215
"184","Brazil","BR","1997",-0.026,0.136,0.691,1.332,1.33
"185","Brazil","BR","1998",0.226,0.357,0.877,1.566,1.682
"186","Brazil","BR","1999",0.401,0.531,1.144,1.884,2.103
"187","Brazil","BR","2000",0.729,0.837,1.57,2.487,2.789
"188","Brazil","BR","2001",0.925,0.986,1.89,2.934,3.328
"189","Brazil","BR","2002",0.937,1.167,2.152,3.487,3.833
"190","Brazil","BR","2003",1.082,1.256,2.387,3.782,4.226
"191","Brazil","BR","2004",1.236,1.236,2.562,3.928,4.488
"192","Brazil","BR","2005",1.229,1.284,2.665,4.142,4.665
"193","Brazil","BR","2006",0.98,1.266,2.778,4.378,4.818
"194","Brazil","BR","2007",1.296,1.6,2.86,4.611,5.013
"195","Brazil","BR","2008",1.336,1.551,2.95,4.634,5.29
"196","Brazil","BR","2009",1.29,1.492,3.064,4.791,5.388
"197","Brazil","BR","2010",1.291,1.401,3.091,4.889,5.549
"198","Brazil","BR","2011",1.066,1.369,3.109,5.005,5.519
"199","Brunei Darussalam","BN","1990",-5.268,-4.874,-2.96,-1.417,-1.303
"200","Brunei Darussalam","BN","1991",-5.1,-4.711,-2.885,-1.458,-1.296
"201","Brunei Darussalam","BN","1992",-4.843,-4.493,-2.79,-1.422,-1.195
"202","Brunei Darussalam","BN","1993",-4.724,-4.364,-2.639,-1.409,-1.22
"203","Brunei Darussalam","BN","1994",-4.299,-3.906,-2.44,-1.218,-1.003
"204","Brunei Darussalam","BN","1995",-3.877,-3.501,-2.186,-1.022,-0.886
"205","Brunei Darussalam","BN","1996",-3.332,-2.987,-1.9,-0.863,-0.746
"206","Brunei Darussalam","BN","1997",-2.726,-2.476,-1.525,-0.724,-0.634
"207","Brunei Darussalam","BN","1998",-1.909,-1.685,-1.083,-0.527,-0.493
"208","Brunei Darussalam","BN","1999",-0.557,-0.53,-0.441,-0.363,-0.354
"209","Brunei Darussalam","BN","2000",-0.492,-0.475,-0.411,-0.347,-0.338
"210","Brunei Darussalam","BN","2001",-0.368,-0.35,-0.142,0.124,0.206
"211","Brunei Darussalam","BN","2002",-0.356,-0.327,-0.082,0.187,0.272
"212","Brunei Darussalam","BN","2003",-0.334,-0.308,-0.023,0.303,0.388
"213","Brunei Darussalam","BN","2004",-0.318,-0.261,0.081,0.473,0.545
"214","Brunei Darussalam","BN","2005",-0.257,-0.2,0.189,0.636,0.7
"215","Brunei Darussalam","BN","2006",-0.26,-0.157,0.309,0.804,0.872
"216","Brunei Darussalam","BN","2007",-0.005,0.097,0.653,1.228,1.372
"217","Brunei Darussalam","BN","2008",0.072,0.186,0.767,1.423,1.641
"218","Brunei Darussalam","BN","2009",0.109,0.189,0.81,1.57,1.732
"219","Brunei Darussalam","BN","2010",0.023,0.145,0.761,1.439,1.546
"220","Brunei Darussalam","BN","2011",-0.044,0.048,0.733,1.467,1.651
"221","Bulgaria","BG","1990",-0.833,-0.773,-0.588,-0.421,-0.414
"222","Bulgaria","BG","1991",-0.497,-0.476,-0.411,-0.348,-0.336
"223","Bulgaria","BG","1992",-0.367,-0.353,-0.226,-0.092,-0.036
"224","Bulgaria","BG","1993",-0.354,-0.332,-0.155,0.007,0.053
"225","Bulgaria","BG","1994",-0.326,-0.317,-0.113,0.078,0.137
"226","Bulgaria","BG","1995",-0.296,-0.269,-0.081,0.112,0.171
"227","Bulgaria","BG","1996",-0.308,-0.277,-0.071,0.14,0.207
"228","Bulgaria","BG","1997",-0.292,-0.261,-0.056,0.159,0.215
"229","Bulgaria","BG","1998",-0.261,-0.242,-0.022,0.209,0.286
"230","Bulgaria","BG","1999",-0.244,-0.201,0.032,0.289,0.35
"231","Bulgaria","BG","2000",-0.228,-0.191,0.065,0.378,0.474
"232","Bulgaria","BG","2001",-0.216,-0.189,0.088,0.401,0.497
"233","Bulgaria","BG","2002",-0.211,-0.205,0.102,0.399,0.485
"234","Bulgaria","BG","2003",-0.213,-0.16,0.088,0.401,0.468
"235","Bulgaria","BG","2004",-0.228,-0.195,0.065,0.364,0.43
"236","Bulgaria","BG","2005",-0.27,-0.212,0.041,0.339,0.384
"237","Bulgaria","BG","2006",-0.274,-0.255,-0.002,0.239,0.312
"238","Bulgaria","BG","2007",-0.308,-0.271,-0.076,0.146,0.207
"239","Bulgaria","BG","2008",-0.358,-0.333,-0.176,0.013,0.07
"240","Bulgaria","BG","2009",-0.413,-0.41,-0.366,-0.323,-0.3
"241","Bulgaria","BG","2010",-0.415,-0.409,-0.366,-0.323,-0.302
"242","Bulgaria","BG","2011",-0.414,-0.412,-0.366,-0.324,-0.302
"243","Canada","CA","1990",4.276,4.636,6.2,7.113,7.201
"244","Canada","CA","1991",3.762,3.829,5.967,7.958,8.651
"245","Canada","CA","1992",3.399,3.786,5.833,8.052,8.483
"246","Canada","CA","1993",3.172,3.255,5.701,8.104,9.027
"247","Canada","CA","1994",2.863,3.255,5.538,8.213,8.84
"248","Canada","CA","1995",2.728,3.093,5.481,8.297,8.805
"249","Canada","CA","1996",2.425,3.014,5.371,8.133,8.565
"250","Canada","CA","1997",2.319,2.967,5.187,8.09,8.487
"251","Canada","CA","1998",2.167,2.676,4.988,7.514,8.092
"252","Canada","CA","1999",2.194,2.664,4.78,7.237,7.716
"253","Canada","CA","2000",2.047,2.389,4.569,6.657,7.211
"254","Canada","CA","2001",1.94,2.15,4.239,6.404,7.072
"255","Canada","CA","2002",1.748,1.786,3.889,5.955,6.7
"256","Canada","CA","2003",1.471,1.758,3.478,5.634,6.144
"257","Canada","CA","2004",1.18,1.518,3.145,4.939,5.399
"258","Canada","CA","2005",1.135,1.136,2.523,4.268,4.915
"259","Canada","CA","2006",0.495,0.465,1.83,3.012,3.45
"260","Canada","CA","2007",-0.204,-0.169,0.657,1.287,1.558
"261","Canada","CA","2008",-0.296,-0.274,0.221,0.751,0.94
"262","Canada","CA","2009",-0.673,-0.648,-0.518,-0.408,-0.386
"263","Canada","CA","2010",-0.694,-0.67,-0.526,-0.412,-0.388
"264","Canada","CA","2011",-0.721,-0.669,-0.526,-0.406,-0.392
"265","China","CN","1990",-0.375,-0.366,-0.278,-0.171,-0.147
"266","China","CN","1991",-0.363,-0.351,-0.275,-0.17,-0.154
"267","China","CN","1992",-0.349,-0.341,-0.256,-0.153,-0.131
"268","China","CN","1993",-0.331,-0.313,-0.222,-0.118,-0.091
"269","China","CN","1994",-0.305,-0.302,-0.201,-0.091,-0.055
"270","China","CN","1995",-0.292,-0.289,-0.182,-0.063,0.003
"271","China","CN","1996",-0.297,-0.284,-0.169,-0.049,0.001
"272","China","CN","1997",-0.288,-0.277,-0.156,-0.023,0.028
"273","China","CN","1998",-0.276,-0.267,-0.143,-0.008,0.04
"274","China","CN","1999",-0.265,-0.267,-0.135,0.004,0.054
"275","China","CN","2000",-0.261,-0.244,-0.127,0.015,0.047
"276","China","CN","2001",-0.262,-0.244,-0.115,0.025,0.062
"277","China","CN","2002",-0.249,-0.24,-0.108,0.045,0.097
"278","China","CN","2003",-0.253,-0.245,-0.093,0.054,0.103
"279","China","CN","2004",-0.254,-0.242,-0.084,0.069,0.121
"280","China","CN","2005",-0.257,-0.242,-0.072,0.078,0.134
"281","China","CN","2006",-0.243,-0.239,-0.066,0.116,0.178
"282","China","CN","2007",-0.255,-0.228,-0.058,0.132,0.192
"283","China","CN","2008",-0.236,-0.229,-0.05,0.142,0.221
"284","China","CN","2009",-0.242,-0.223,-0.05,0.151,0.217
"285","China","CN","2010",-0.245,-0.23,-0.05,0.16,0.225
"286","China","CN","2011",-0.263,-0.23,-0.058,0.174,0.229
"287","Colombia","CO","1990",-0.487,-0.467,-0.401,-0.345,-0.335
"288","Colombia","CO","1991",-0.313,-0.313,-0.04,0.266,0.365
"289","Colombia","CO","1992",-0.195,-0.117,0.303,0.777,0.856
"290","Colombia","CO","1993",-0.084,0.03,0.467,0.993,1.088
"291","Colombia","CO","1994",-0.008,0.11,0.569,1.116,1.209
"292","Colombia","CO","1995",0.113,0.214,0.694,1.227,1.329
"293","Colombia","CO","1996",0.159,0.272,0.752,1.307,1.449
"294","Colombia","CO","1997",0.193,0.347,0.873,1.47,1.574
"295","Colombia","CO","1998",0.235,0.327,0.916,1.592,1.784
"296","Colombia","CO","1999",0.245,0.301,1.034,1.703,1.902
"297","Colombia","CO","2000",0.388,0.479,1.131,1.77,1.962
"298","Colombia","CO","2001",0.456,0.591,1.211,1.939,2.083
"299","Colombia","CO","2002",0.576,0.666,1.327,2.049,2.241
"300","Colombia","CO","2003",0.637,0.741,1.448,2.232,2.403
"301","Colombia","CO","2004",0.764,0.858,1.647,2.488,2.725
"302","Colombia","CO","2005",0.939,1.044,1.942,2.87,3.127
"303","Colombia","CO","2006",1.126,1.251,2.112,3.235,3.48
"304","Colombia","CO","2007",1.126,1.251,2.314,3.395,3.777
"305","Colombia","CO","2008",1.161,1.295,2.481,3.686,4.022
"306","Colombia","CO","2009",1.144,1.365,2.549,3.982,4.256
"307","Colombia","CO","2010",1.081,1.344,2.607,4.201,4.392
"308","Colombia","CO","2011",1.046,1.26,2.636,4.336,4.719
"309","Croatia","HR","1990",-1.132,-1.039,-0.728,-0.51,-0.47
"310","Croatia","HR","1991",-0.989,-0.894,-0.674,-0.488,-0.472
"311","Croatia","HR","1992",-0.688,-0.652,-0.529,-0.418,-0.405
"312","Croatia","HR","1993",-0.5,-0.482,-0.413,-0.345,-0.332
"313","Croatia","HR","1994",-0.367,-0.355,-0.224,-0.075,-0.022
"314","Croatia","HR","1995",-0.345,-0.323,-0.141,0.08,0.157
"315","Croatia","HR","1996",-0.337,-0.309,-0.092,0.138,0.191
"316","Croatia","HR","1997",-0.297,-0.261,-0.058,0.189,0.242
"317","Croatia","HR","1998",-0.274,-0.22,-0.024,0.246,0.288
"318","Croatia","HR","1999",-0.263,-0.214,0.019,0.284,0.347
"319","Croatia","HR","2000",-0.255,-0.189,0.091,0.374,0.429
"320","Croatia","HR","2001",-0.198,-0.173,0.132,0.456,0.54
"321","Croatia","HR","2002",-0.189,-0.114,0.159,0.511,0.562
"322","Croatia","HR","2003",-0.12,-0.121,0.173,0.511,0.632
"323","Croatia","HR","2004",-0.172,-0.128,0.186,0.517,0.634
"324","Croatia","HR","2005",-0.164,-0.112,0.201,0.558,0.643
"325","Croatia","HR","2006",-0.181,-0.134,0.202,0.604,0.716
"326","Croatia","HR","2007",-0.183,-0.129,0.203,0.579,0.687
"327","Croatia","HR","2008",-0.181,-0.136,0.215,0.603,0.741
"328","Croatia","HR","2009",-0.186,-0.138,0.226,0.617,0.743
"329","Croatia","HR","2010",-0.214,-0.154,0.226,0.641,0.772
"330","Croatia","HR","2011",-0.244,-0.185,0.233,0.67,0.792
"331","Cyprus","CY","1990",0.149,0.191,0.501,0.896,0.998
"332","Cyprus","CY","1991",0.204,0.22,0.518,0.893,1.038
"333","Cyprus","CY","1992",0.118,0.224,0.525,0.898,0.961
"334","Cyprus","CY","1993",0.181,0.244,0.527,0.883,0.971
"335","Cyprus","CY","1994",0.206,0.23,0.521,0.849,0.949
"336","Cyprus","CY","1995",0.219,0.249,0.519,0.819,0.912
"337","Cyprus","CY","1996",0.218,0.261,0.523,0.824,0.899
"338","Cyprus","CY","1997",0.188,0.255,0.528,0.819,0.876
"339","Cyprus","CY","1998",0.208,0.227,0.519,0.807,0.907
"340","Cyprus","CY","1999",0.195,0.25,0.513,0.805,0.88
"341","Cyprus","CY","2000",0.202,0.24,0.511,0.79,0.889
"342","Cyprus","CY","2001",0.173,0.201,0.492,0.795,0.914
"343","Cyprus","CY","2002",0.146,0.193,0.485,0.773,0.882
"344","Cyprus","CY","2003",0.155,0.181,0.466,0.723,0.831
"345","Cyprus","CY","2004",0.154,0.224,0.445,0.738,0.766
"346","Cyprus","CY","2005",0.098,0.188,0.417,0.728,0.756
"347","Cyprus","CY","2006",0.059,0.137,0.387,0.704,0.708
"348","Cyprus","CY","2007",0.027,0.068,0.347,0.611,0.693
"349","Cyprus","CY","2008",-0.09,-0.04,0.287,0.56,0.609
"350","Cyprus","CY","2009",-0.21,-0.139,0.247,0.538,0.584
"351","Cyprus","CY","2010",-0.236,-0.182,0.202,0.524,0.583
"352","Cyprus","CY","2011",-0.263,-0.219,0.188,0.515,0.571
"353","Czech Republic","CZ","1990",-1.509,-1.291,-0.835,-0.493,-0.478
"354","Czech Republic","CZ","1991",-1.298,-1.133,-0.797,-0.493,-0.481
"355","Czech Republic","CZ","1992",-1.026,-0.921,-0.668,-0.467,-0.443
"356","Czech Republic","CZ","1993",-0.507,-0.5,-0.414,-0.356,-0.326
"357","Czech Republic","CZ","1994",-0.356,-0.352,-0.195,-0.01,0.061
"358","Czech Republic","CZ","1995",-0.34,-0.323,-0.101,0.157,0.237
"359","Czech Republic","CZ","1996",-0.318,-0.264,-0.026,0.249,0.302
"360","Czech Republic","CZ","1997",-0.28,-0.226,0.018,0.361,0.405
"361","Czech Republic","CZ","1998",-0.266,-0.246,0.047,0.345,0.42
"362","Czech Republic","CZ","1999",-0.26,-0.241,0.054,0.348,0.452
"363","Czech Republic","CZ","2000",-0.268,-0.248,0.078,0.384,0.498
"364","Czech Republic","CZ","2001",-0.26,-0.226,0.1,0.442,0.546
"365","Czech Republic","CZ","2002",-0.235,-0.192,0.126,0.497,0.631
"366","Czech Republic","CZ","2003",-0.212,-0.191,0.161,0.515,0.619
"367","Czech Republic","CZ","2004",-0.262,-0.187,0.136,0.508,0.561
"368","Czech Republic","CZ","2005",-0.247,-0.212,0.121,0.45,0.542
"369","Czech Republic","CZ","2006",-0.264,-0.215,0.075,0.413,0.474
"370","Czech Republic","CZ","2007",-0.29,-0.257,0.004,0.31,0.4
"371","Czech Republic","CZ","2008",-0.343,-0.329,-0.127,0.097,0.181
"372","Czech Republic","CZ","2009",-0.418,-0.411,-0.365,-0.324,-0.304
"373","Czech Republic","CZ","2010",-0.418,-0.411,-0.367,-0.325,-0.306
"374","Czech Republic","CZ","2011",-0.413,-0.41,-0.367,-0.323,-0.302
"375","Denmark","DK","1990",-0.29,-0.259,-0.05,0.157,0.216
"376","Denmark","DK","1991",-0.271,-0.226,-0.051,0.156,0.182
"377","Denmark","DK","1992",-0.234,-0.216,-0.046,0.137,0.199
"378","Denmark","DK","1993",-0.245,-0.208,-0.043,0.138,0.177
"379","Denmark","DK","1994",-0.242,-0.208,-0.028,0.143,0.18
"380","Denmark","DK","1995",-0.231,-0.189,-0.021,0.159,0.191
"381","Denmark","DK","1996",-0.227,-0.199,-0.015,0.166,0.202
"382","Denmark","DK","1997",-0.216,-0.189,-0.007,0.176,0.225
"383","Denmark","DK","1998",-0.214,-0.189,-0.01,0.191,0.238
"384","Denmark","DK","1999",-0.226,-0.192,-0.019,0.178,0.226
"385","Denmark","DK","2000",-0.21,-0.187,-0.016,0.176,0.223
"386","Denmark","DK","2001",-0.221,-0.195,-0.023,0.166,0.207
"387","Denmark","DK","2002",-0.237,-0.203,-0.04,0.131,0.167
"388","Denmark","DK","2003",-0.239,-0.218,-0.064,0.096,0.152
"389","Denmark","DK","2004",-0.265,-0.238,-0.088,0.069,0.107
"390","Denmark","DK","2005",-0.275,-0.263,-0.118,0.03,0.091
"391","Denmark","DK","2006",-0.306,-0.273,-0.15,-0.004,0.027
"392","Denmark","DK","2007",-0.328,-0.325,-0.193,-0.077,-0.031
"393","Denmark","DK","2008",-0.373,-0.351,-0.255,-0.149,-0.116
"394","Denmark","DK","2009",-0.412,-0.409,-0.364,-0.315,-0.295
"395","Denmark","DK","2010",-0.413,-0.405,-0.365,-0.318,-0.301
"396","Denmark","DK","2011",-0.414,-0.409,-0.365,-0.32,-0.301
"397","Ecuador","EC","1990",-0.338,-0.299,-0.049,0.241,0.294
"398","Ecuador","EC","1991",-0.313,-0.286,-0.051,0.259,0.33
"399","Ecuador","EC","1992",-0.329,-0.295,-0.031,0.248,0.326
"400","Ecuador","EC","1993",-0.316,-0.286,-0.004,0.286,0.366
"401","Ecuador","EC","1994",-0.333,-0.291,0.016,0.325,0.415
"402","Ecuador","EC","1995",-0.314,-0.291,0.018,0.317,0.424
"403","Ecuador","EC","1996",-0.281,-0.239,0.056,0.378,0.441
"404","Ecuador","EC","1997",-0.291,-0.215,0.143,0.516,0.557
"405","Ecuador","EC","1998",-0.169,-0.145,0.291,0.638,0.744
"406","Ecuador","EC","1999",-0.008,0.093,0.521,0.982,1.082
"407","Ecuador","EC","2000",0.215,0.312,0.795,1.299,1.44
"408","Ecuador","EC","2001",0.346,0.455,1.004,1.601,1.748
"409","Ecuador","EC","2002",0.505,0.529,1.196,1.861,2.066
"410","Ecuador","EC","2003",0.553,0.7,1.335,2.103,2.217
"411","Ecuador","EC","2004",0.626,0.748,1.427,2.16,2.346
"412","Ecuador","EC","2005",0.6,0.753,1.443,2.153,2.346
"413","Ecuador","EC","2006",0.617,0.732,1.445,2.147,2.329
"414","Ecuador","EC","2007",0.601,0.721,1.38,2.048,2.226
"415","Ecuador","EC","2008",0.565,0.709,1.269,1.901,1.993
"416","Ecuador","EC","2009",0.524,0.555,1.141,1.717,1.901
"417","Ecuador","EC","2010",0.322,0.437,1.034,1.635,1.761
"418","Ecuador","EC","2011",0.229,0.378,0.978,1.694,1.813
"419","Egypt, Arab Rep.","EG","1990",0.038,0.235,0.673,1.063,1.076
"420","Egypt, Arab Rep.","EG","1991",0.199,0.257,0.666,1.007,1.118
"421","Egypt, Arab Rep.","EG","1992",0.237,0.284,0.678,1.033,1.154
"422","Egypt, Arab Rep.","EG","1993",0.249,0.343,0.696,1.063,1.142
"423","Egypt, Arab Rep.","EG","1994",0.304,0.382,0.716,1.069,1.166
"424","Egypt, Arab Rep.","EG","1995",0.295,0.398,0.716,1.057,1.13
"425","Egypt, Arab Rep.","EG","1996",0.336,0.408,0.721,1.069,1.179
"426","Egypt, Arab Rep.","EG","1997",0.312,0.399,0.728,1.102,1.213
"427","Egypt, Arab Rep.","EG","1998",0.376,0.399,0.759,1.1,1.247
"428","Egypt, Arab Rep.","EG","1999",0.375,0.42,0.784,1.157,1.282
"429","Egypt, Arab Rep.","EG","2000",0.407,0.439,0.824,1.249,1.384
"430","Egypt, Arab Rep.","EG","2001",0.402,0.405,0.817,1.339,1.52
"431","Egypt, Arab Rep.","EG","2002",0.385,0.433,0.834,1.349,1.542
"432","Egypt, Arab Rep.","EG","2003",0.404,0.404,0.824,1.315,1.571
"433","Egypt, Arab Rep.","EG","2004",0.338,0.381,0.808,1.297,1.55
"434","Egypt, Arab Rep.","EG","2005",0.346,0.364,0.792,1.232,1.434
"435","Egypt, Arab Rep.","EG","2006",0.288,0.351,0.758,1.154,1.353
"436","Egypt, Arab Rep.","EG","2007",0.2,0.266,0.684,1.096,1.195
"437","Egypt, Arab Rep.","EG","2008",0.097,0.181,0.607,0.985,1.098
"438","Egypt, Arab Rep.","EG","2009",0.012,0.131,0.57,0.952,1.009
"439","Egypt, Arab Rep.","EG","2010",-0.05,0.033,0.526,0.926,1.005
"440","Egypt, Arab Rep.","EG","2011",-0.135,-0.033,0.509,0.926,1
"441","Equatorial Guinea","GQ","1990",-0.306,-0.293,-0.153,0.028,0.092
"442","Equatorial Guinea","GQ","1991",-0.298,-0.295,-0.143,0.01,0.071
"443","Equatorial Guinea","GQ","1992",-0.299,-0.286,-0.147,0.009,0.059
"444","Equatorial Guinea","GQ","1993",-0.289,-0.275,-0.149,0.012,0.053
"445","Equatorial Guinea","GQ","1994",-0.301,-0.281,-0.151,0.006,0.045
"446","Equatorial Guinea","GQ","1995",-0.3,-0.281,-0.151,0.008,0.051
"447","Equatorial Guinea","GQ","1996",-0.302,-0.299,-0.155,-0.012,0.043
"448","Equatorial Guinea","GQ","1997",-0.297,-0.293,-0.154,-0.015,0.043
"449","Equatorial Guinea","GQ","1998",-0.299,-0.289,-0.154,-0.015,0.036
"450","Equatorial Guinea","GQ","1999",-0.304,-0.291,-0.159,-0.02,0.023
"451","Equatorial Guinea","GQ","2000",-0.303,-0.293,-0.168,-0.033,0.014
"452","Equatorial Guinea","GQ","2001",-0.304,-0.297,-0.178,-0.05,-0.003
"453","Equatorial Guinea","GQ","2002",-0.302,-0.295,-0.191,-0.067,-0.026
"454","Equatorial Guinea","GQ","2003",-0.319,-0.317,-0.206,-0.101,-0.058
"455","Equatorial Guinea","GQ","2004",-0.333,-0.316,-0.224,-0.121,-0.092
"456","Equatorial Guinea","GQ","2005",-0.342,-0.335,-0.246,-0.162,-0.134
"457","Equatorial Guinea","GQ","2006",-0.373,-0.361,-0.283,-0.2,-0.188
"458","Equatorial Guinea","GQ","2007",-0.379,-0.366,-0.292,-0.213,-0.198
"459","Equatorial Guinea","GQ","2008",-0.366,-0.353,-0.279,-0.196,-0.178
"460","Equatorial Guinea","GQ","2009",-0.348,-0.34,-0.251,-0.155,-0.12
"461","Equatorial Guinea","GQ","2010",-0.354,-0.33,-0.237,-0.124,-0.097
"462","Equatorial Guinea","GQ","2011",-0.355,-0.335,-0.237,-0.098,-0.062
"463","Estonia","EE","1990",-0.86,-0.824,-0.626,-0.48,-0.438
"464","Estonia","EE","1991",-0.657,-0.625,-0.515,-0.404,-0.384
"465","Estonia","EE","1992",-0.63,-0.6,-0.496,-0.397,-0.37
"466","Estonia","EE","1993",-0.404,-0.389,-0.347,-0.276,-0.268
"467","Estonia","EE","1994",-0.389,-0.383,-0.31,-0.222,-0.194
"468","Estonia","EE","1995",-0.363,-0.34,-0.18,-0.004,0.066
"469","Estonia","EE","1996",-0.306,-0.28,-0.104,0.098,0.148
"470","Estonia","EE","1997",-0.284,-0.267,-0.06,0.164,0.244
"471","Estonia","EE","1998",-0.28,-0.236,-0.03,0.221,0.278
"472","Estonia","EE","1999",-0.255,-0.224,-0.001,0.244,0.314
"473","Estonia","EE","2000",-0.237,-0.217,0.026,0.262,0.333
"474","Estonia","EE","2001",-0.25,-0.196,0.031,0.312,0.386
"475","Estonia","EE","2002",-0.259,-0.202,0.04,0.312,0.384
"476","Estonia","EE","2003",-0.246,-0.214,0.05,0.365,0.468
"477","Estonia","EE","2004",-0.224,-0.183,0.054,0.388,0.447
"478","Estonia","EE","2005",-0.227,-0.19,0.055,0.358,0.429
"479","Estonia","EE","2006",-0.251,-0.212,0.043,0.333,0.427
"480","Estonia","EE","2007",-0.257,-0.201,0.024,0.298,0.35
"481","Estonia","EE","2008",-0.263,-0.233,-0.016,0.248,0.302
"482","Estonia","EE","2009",-0.293,-0.289,-0.078,0.177,0.279
"483","Estonia","EE","2010",-0.337,-0.325,-0.185,-0.023,0.025
"484","Estonia","EE","2011",-0.407,-0.397,-0.346,-0.277,-0.262
"485","Finland","FI","1990",-0.231,-0.215,-0.046,0.121,0.175
"486","Finland","FI","1991",-0.246,-0.206,-0.049,0.125,0.147
"487","Finland","FI","1992",-0.223,-0.212,-0.051,0.107,0.152
"488","Finland","FI","1993",-0.228,-0.214,-0.051,0.102,0.147
"489","Finland","FI","1994",-0.219,-0.217,-0.051,0.121,0.184
"490","Finland","FI","1995",-0.206,-0.199,-0.049,0.126,0.193
"491","Finland","FI","1996",-0.203,-0.19,-0.048,0.13,0.193
"492","Finland","FI","1997",-0.214,-0.21,-0.046,0.131,0.201
"493","Finland","FI","1998",-0.213,-0.201,-0.041,0.129,0.173
"494","Finland","FI","1999",-0.217,-0.212,-0.038,0.132,0.174
"495","Finland","FI","2000",-0.201,-0.186,-0.034,0.151,0.195
"496","Finland","FI","2001",-0.184,-0.179,-0.03,0.154,0.2
"497","Finland","FI","2002",-0.19,-0.182,-0.029,0.149,0.194
"498","Finland","FI","2003",-0.199,-0.191,-0.026,0.15,0.207
"499","Finland","FI","2004",-0.186,-0.186,-0.025,0.152,0.222
"500","Finland","FI","2005",-0.197,-0.187,-0.027,0.138,0.188
"501","Finland","FI","2006",-0.2,-0.187,-0.025,0.136,0.183
"502","Finland","FI","2007",-0.202,-0.191,-0.026,0.135,0.184
"503","Finland","FI","2008",-0.219,-0.191,-0.026,0.154,0.203
"504","Finland","FI","2009",-0.238,-0.188,-0.026,0.153,0.174
"505","Finland","FI","2010",-0.235,-0.197,-0.024,0.155,0.207
"506","Finland","FI","2011",-0.234,-0.198,-0.026,0.163,0.215
"507","France","FR","1990",-0.336,-0.319,-0.07,0.197,0.269
"508","France","FR","1991",-0.306,-0.278,-0.071,0.187,0.241
"509","France","FR","1992",-0.308,-0.264,-0.066,0.178,0.229
"510","France","FR","1993",-0.286,-0.256,-0.077,0.153,0.205
"511","France","FR","1994",-0.294,-0.281,-0.097,0.105,0.172
"512","France","FR","1995",-0.3,-0.296,-0.121,0.077,0.153
"513","France","FR","1996",-0.33,-0.314,-0.162,0.013,0.063
"514","France","FR","1997",-0.365,-0.345,-0.234,-0.072,-0.043
"515","France","FR","1998",-0.47,-0.457,-0.397,-0.346,-0.323
"516","France","FR","1999",-0.448,-0.432,-0.385,-0.336,-0.324
"517","France","FR","2000",-0.363,-0.34,-0.204,-0.037,0.016
"518","France","FR","2001",-0.326,-0.299,-0.103,0.126,0.171
"519","France","FR","2002",-0.293,-0.267,-0.042,0.197,0.273
"520","France","FR","2003",-0.266,-0.25,-0.001,0.257,0.342
"521","France","FR","2004",-0.245,-0.224,0.018,0.298,0.372
"522","France","FR","2005",-0.273,-0.237,0.025,0.305,0.365
"523","France","FR","2006",-0.249,-0.219,0.019,0.275,0.343
"524","France","FR","2007",-0.264,-0.223,0.021,0.281,0.355
"525","France","FR","2008",-0.26,-0.22,0.019,0.285,0.35
"526","France","FR","2009",-0.266,-0.227,0.016,0.286,0.343
"527","France","FR","2010",-0.26,-0.226,0.008,0.273,0.342
"528","France","FR","2011",-0.304,-0.254,0.006,0.301,0.368
"529","Germany","DE","1990",-0.493,-0.482,-0.41,-0.356,-0.336
"530","Germany","DE","1991",-0.476,-0.463,-0.401,-0.349,-0.333
"531","Germany","DE","1992",-0.38,-0.366,-0.275,-0.164,-0.133
"532","Germany","DE","1993",-0.343,-0.326,-0.209,-0.068,-0.026
"533","Germany","DE","1994",-0.324,-0.295,-0.173,-0.005,0.031
"534","Germany","DE","1995",-0.305,-0.277,-0.141,0.036,0.081
"535","Germany","DE","1996",-0.294,-0.267,-0.117,0.066,0.116
"536","Germany","DE","1997",-0.271,-0.259,-0.096,0.091,0.147
"537","Germany","DE","1998",-0.289,-0.241,-0.069,0.133,0.186
"538","Germany","DE","1999",-0.259,-0.227,-0.045,0.186,0.255
"539","Germany","DE","2000",-0.233,-0.209,-0.02,0.207,0.27
"540","Germany","DE","2001",-0.224,-0.202,-0.003,0.222,0.289
"541","Germany","DE","2002",-0.225,-0.187,0.011,0.237,0.285
"542","Germany","DE","2003",-0.229,-0.198,0.01,0.231,0.292
"543","Germany","DE","2004",-0.219,-0.178,0.008,0.27,0.31
"544","Germany","DE","2005",-0.22,-0.17,0.005,0.286,0.312
"545","Germany","DE","2006",-0.219,-0.202,0.011,0.255,0.317
"546","Germany","DE","2007",-0.229,-0.219,0.018,0.253,0.312
"547","Germany","DE","2008",-0.235,-0.198,0.02,0.286,0.345
"548","Germany","DE","2009",-0.204,-0.167,0.012,0.3,0.347
"549","Germany","DE","2010",-0.217,-0.194,0.015,0.294,0.364
"550","Germany","DE","2011",-0.272,-0.214,0.021,0.3,0.353
"551","Greece","GR","1990",-0.237,-0.205,-0.07,0.091,0.123
"552","Greece","GR","1991",-0.241,-0.196,-0.071,0.091,0.11
"553","Greece","GR","1992",-0.226,-0.198,-0.069,0.083,0.116
"554","Greece","GR","1993",-0.216,-0.193,-0.068,0.091,0.13
"555","Greece","GR","1994",-0.22,-0.201,-0.066,0.084,0.124
"556","Greece","GR","1995",-0.206,-0.191,-0.065,0.092,0.135
"557","Greece","GR","1996",-0.207,-0.184,-0.062,0.103,0.142
"558","Greece","GR","1997",-0.194,-0.182,-0.06,0.087,0.131
"559","Greece","GR","1998",-0.195,-0.175,-0.053,0.099,0.132
"560","Greece","GR","1999",-0.188,-0.178,-0.049,0.113,0.167
"561","Greece","GR","2000",-0.202,-0.172,-0.044,0.121,0.168
"562","Greece","GR","2001",-0.192,-0.171,-0.043,0.122,0.183
"563","Greece","GR","2002",-0.179,-0.178,-0.041,0.119,0.178
"564","Greece","GR","2003",-0.188,-0.169,-0.041,0.116,0.158
"565","Greece","GR","2004",-0.182,-0.168,-0.041,0.114,0.163
"566","Greece","GR","2005",-0.19,-0.175,-0.041,0.108,0.159
"567","Greece","GR","2006",-0.183,-0.177,-0.042,0.112,0.173
"568","Greece","GR","2007",-0.195,-0.174,-0.04,0.123,0.171
"569","Greece","GR","2008",-0.193,-0.174,-0.039,0.126,0.183
"570","Greece","GR","2009",-0.196,-0.166,-0.037,0.153,0.195
"571","Greece","GR","2010",-0.185,-0.186,-0.036,0.148,0.231
"572","Greece","GR","2011",-0.194,-0.189,-0.036,0.151,0.242
"573","Hong Kong SAR, China","HK","1990",-0.451,-0.438,-0.389,-0.339,-0.324
"574","Hong Kong SAR, China","HK","1991",-0.44,-0.428,-0.38,-0.337,-0.323
"575","Hong Kong SAR, China","HK","1992",-0.409,-0.407,-0.362,-0.32,-0.296
"576","Hong Kong SAR, China","HK","1993",-0.407,-0.403,-0.354,-0.31,-0.289
"577","Hong Kong SAR, China","HK","1994",-0.409,-0.398,-0.352,-0.298,-0.285
"578","Hong Kong SAR, China","HK","1995",-0.398,-0.396,-0.347,-0.301,-0.278
"579","Hong Kong SAR, China","HK","1996",-0.4,-0.393,-0.348,-0.299,-0.28
"580","Hong Kong SAR, China","HK","1997",-0.4,-0.392,-0.346,-0.294,-0.278
"581","Hong Kong SAR, China","HK","1998",-0.396,-0.386,-0.345,-0.292,-0.275
"582","Hong Kong SAR, China","HK","1999",-0.398,-0.386,-0.345,-0.292,-0.276
"583","Hong Kong SAR, China","HK","2000",-0.394,-0.389,-0.342,-0.294,-0.272
"584","Hong Kong SAR, China","HK","2001",-0.391,-0.387,-0.341,-0.293,-0.269
"585","Hong Kong SAR, China","HK","2002",-0.392,-0.383,-0.342,-0.287,-0.27
"586","Hong Kong SAR, China","HK","2003",-0.391,-0.382,-0.342,-0.287,-0.268
"587","Hong Kong SAR, China","HK","2004",-0.392,-0.385,-0.343,-0.291,-0.271
"588","Hong Kong SAR, China","HK","2005",-0.398,-0.388,-0.342,-0.291,-0.276
"589","Hong Kong SAR, China","HK","2006",-0.399,-0.386,-0.342,-0.288,-0.275
"590","Hong Kong SAR, China","HK","2007",-0.406,-0.386,-0.342,-0.283,-0.274
"591","Hong Kong SAR, China","HK","2008",-0.406,-0.386,-0.339,-0.284,-0.276
"592","Hong Kong SAR, China","HK","2009",-0.395,-0.391,-0.339,-0.288,-0.265
"593","Hong Kong SAR, China","HK","2010",-0.4,-0.398,-0.339,-0.29,-0.267
"594","Hong Kong SAR, China","HK","2011",-0.388,-0.389,-0.342,-0.286,-0.256
"595","Hungary","HU","1990",-0.269,-0.241,0.033,0.32,0.429
"596","Hungary","HU","1991",-0.261,-0.223,0.044,0.313,0.398
"597","Hungary","HU","1992",-0.245,-0.203,0.032,0.311,0.383
"598","Hungary","HU","1993",-0.214,-0.199,0.044,0.293,0.394
"599","Hungary","HU","1994",-0.212,-0.179,0.044,0.31,0.372
"600","Hungary","HU","1995",-0.194,-0.171,0.044,0.31,0.394
"601","Hungary","HU","1996",-0.209,-0.174,0.046,0.318,0.379
"602","Hungary","HU","1997",-0.194,-0.157,0.052,0.323,0.378
"603","Hungary","HU","1998",-0.193,-0.179,0.06,0.319,0.406
"604","Hungary","HU","1999",-0.202,-0.161,0.057,0.333,0.397
"605","Hungary","HU","2000",-0.194,-0.192,0.051,0.313,0.426
"606","Hungary","HU","2001",-0.251,-0.211,0.04,0.303,0.377
"607","Hungary","HU","2002",-0.258,-0.199,0.017,0.32,0.367
"608","Hungary","HU","2003",-0.243,-0.232,-0.012,0.271,0.351
"609","Hungary","HU","2004",-0.263,-0.249,-0.038,0.231,0.311
"610","Hungary","HU","2005",-0.261,-0.241,-0.067,0.205,0.284
"611","Hungary","HU","2006",-0.274,-0.273,-0.108,0.143,0.241
"612","Hungary","HU","2007",-0.321,-0.315,-0.155,0.04,0.105
"613","Hungary","HU","2008",-0.362,-0.34,-0.234,-0.079,-0.038
"614","Hungary","HU","2009",-0.412,-0.409,-0.364,-0.319,-0.297
"615","Hungary","HU","2010",-0.419,-0.41,-0.365,-0.321,-0.303
"616","Hungary","HU","2011",-0.413,-0.406,-0.364,-0.318,-0.299
"617","Iceland","IS","1990",-0.224,-0.22,-0.047,0.121,0.165
"618","Iceland","IS","1991",-0.227,-0.204,-0.038,0.12,0.154
"619","Iceland","IS","1992",-0.226,-0.195,-0.036,0.121,0.149
"620","Iceland","IS","1993",-0.22,-0.196,-0.042,0.117,0.144
"621","Iceland","IS","1994",-0.229,-0.179,-0.041,0.133,0.139
"622","Iceland","IS","1995",-0.234,-0.182,-0.039,0.128,0.138
"623","Iceland","IS","1996",-0.194,-0.183,-0.036,0.139,0.196
"624","Iceland","IS","1997",-0.194,-0.178,-0.033,0.14,0.185
"625","Iceland","IS","1998",-0.229,-0.181,-0.027,0.127,0.147
"626","Iceland","IS","1999",-0.217,-0.173,-0.023,0.137,0.155
"627","Iceland","IS","2000",-0.2,-0.174,-0.021,0.147,0.183
"628","Iceland","IS","2001",-0.206,-0.162,-0.018,0.166,0.177
"629","Iceland","IS","2002",-0.196,-0.172,-0.014,0.15,0.184
"630","Iceland","IS","2003",-0.192,-0.179,-0.004,0.145,0.195
"631","Iceland","IS","2004",-0.188,-0.182,-0.004,0.143,0.195
"632","Iceland","IS","2005",-0.19,-0.184,-0.005,0.142,0.194
"633","Iceland","IS","2006",-0.19,-0.179,-0.003,0.145,0.194
"634","Iceland","IS","2007",-0.193,-0.186,-0.008,0.142,0.195
"635","Iceland","IS","2008",-0.187,-0.187,-0.007,0.14,0.201
"636","Iceland","IS","2009",-0.196,-0.191,-0.009,0.146,0.2
"637","Iceland","IS","2010",-0.204,-0.194,-0.007,0.152,0.209
"638","Iceland","IS","2011",-0.205,-0.192,-0.007,0.168,0.223
"639","Ireland","IE","1990",-0.086,0.026,0.447,0.904,0.974
"640","Ireland","IE","1991",-0.013,0.047,0.428,0.867,0.975
"641","Ireland","IE","1992",-0.163,0.039,0.43,0.878,0.891
"642","Ireland","IE","1993",-0.02,0.034,0.414,0.807,0.885
"643","Ireland","IE","1994",-0.026,-0.008,0.397,0.736,0.85
"644","Ireland","IE","1995",-0.02,0.009,0.361,0.707,0.807
"645","Ireland","IE","1996",-0.038,0.01,0.328,0.677,0.742
"646","Ireland","IE","1997",-0.092,-0.05,0.275,0.579,0.666
"647","Ireland","IE","1998",-0.157,-0.081,0.181,0.513,0.552
"648","Ireland","IE","1999",-0.215,-0.197,0.051,0.309,0.393
"649","Ireland","IE","2000",-0.272,-0.241,-0.03,0.212,0.29
"650","Ireland","IE","2001",-0.32,-0.313,-0.143,0.034,0.104
"651","Ireland","IE","2002",-0.392,-0.378,-0.298,-0.195,-0.17
"652","Ireland","IE","2003",-0.37,-0.367,-0.263,-0.154,-0.118
"653","Ireland","IE","2004",-0.327,-0.322,-0.135,0.041,0.121
"654","Ireland","IE","2005",-0.275,-0.263,-0.068,0.216,0.277
"655","Ireland","IE","2006",-0.275,-0.282,-0.042,0.25,0.325
"656","Ireland","IE","2007",-0.291,-0.24,-0.026,0.266,0.327
"657","Ireland","IE","2008",-0.268,-0.264,-0.017,0.259,0.344
"658","Ireland","IE","2009",-0.278,-0.245,-0.006,0.278,0.329
"659","Ireland","IE","2010",-0.302,-0.251,-0.019,0.26,0.32
"660","Ireland","IE","2011",-0.318,-0.276,-0.023,0.274,0.343
"661","Israel","IL","1990",-0.28,-0.263,-0.065,0.155,0.213
"662","Israel","IL","1991",-0.279,-0.251,-0.059,0.144,0.192
"663","Israel","IL","1992",-0.277,-0.247,-0.064,0.128,0.175
"664","Israel","IL","1993",-0.251,-0.225,-0.059,0.12,0.164
"665","Israel","IL","1994",-0.241,-0.218,-0.055,0.125,0.166
"666","Israel","IL","1995",-0.255,-0.23,-0.056,0.109,0.154
"667","Israel","IL","1996",-0.265,-0.225,-0.061,0.121,0.159
"668","Israel","IL","1997",-0.265,-0.235,-0.064,0.137,0.182
"669","Israel","IL","1998",-0.252,-0.228,-0.064,0.136,0.191
"670","Israel","IL","1999",-0.305,-0.236,-0.055,0.158,0.177
"671","Israel","IL","2000",-0.254,-0.21,-0.05,0.169,0.211
"672","Israel","IL","2001",-0.252,-0.228,-0.045,0.16,0.222
"673","Israel","IL","2002",-0.228,-0.228,-0.043,0.169,0.25
"674","Israel","IL","2003",-0.259,-0.221,-0.035,0.186,0.248
"675","Israel","IL","2004",-0.257,-0.237,-0.045,0.188,0.274
"676","Israel","IL","2005",-0.264,-0.257,-0.064,0.145,0.229
"677","Israel","IL","2006",-0.282,-0.257,-0.088,0.126,0.19
"678","Israel","IL","2007",-0.3,-0.276,-0.12,0.082,0.126
"679","Israel","IL","2008",-0.318,-0.305,-0.171,-0.005,0.054
"680","Israel","IL","2009",-0.355,-0.35,-0.236,-0.117,-0.069
"681","Israel","IL","2010",-0.41,-0.401,-0.352,-0.296,-0.281
"682","Israel","IL","2011",-0.41,-0.406,-0.357,-0.311,-0.291
"683","Italy","IT","1990",-0.234,-0.218,-0.046,0.113,0.167
"684","Italy","IT","1991",-0.225,-0.207,-0.049,0.118,0.166
"685","Italy","IT","1992",-0.236,-0.194,-0.048,0.133,0.154
"686","Italy","IT","1993",-0.225,-0.213,-0.043,0.108,0.162
"687","Italy","IT","1994",-0.224,-0.207,-0.039,0.113,0.16
"688","Italy","IT","1995",-0.212,-0.192,-0.037,0.122,0.159
"689","Italy","IT","1996",-0.204,-0.182,-0.034,0.134,0.166
"690","Italy","IT","1997",-0.196,-0.18,-0.031,0.132,0.173
"691","Italy","IT","1998",-0.198,-0.187,-0.025,0.133,0.174
"692","Italy","IT","1999",-0.195,-0.181,-0.023,0.138,0.171
"693","Italy","IT","2000",-0.182,-0.183,-0.02,0.14,0.192
"694","Italy","IT","2001",-0.189,-0.176,-0.017,0.142,0.178
"695","Italy","IT","2002",-0.188,-0.177,-0.011,0.142,0.188
"696","Italy","IT","2003",-0.187,-0.173,-0.013,0.152,0.194
"697","Italy","IT","2004",-0.196,-0.176,-0.014,0.151,0.189
"698","Italy","IT","2005",-0.19,-0.178,-0.015,0.147,0.195
"699","Italy","IT","2006",-0.197,-0.178,-0.01,0.143,0.186
"700","Italy","IT","2007",-0.192,-0.179,-0.012,0.143,0.187
"701","Italy","IT","2008",-0.195,-0.181,-0.013,0.156,0.189
"702","Italy","IT","2009",-0.196,-0.184,-0.013,0.144,0.192
"703","Italy","IT","2010",-0.204,-0.178,-0.012,0.157,0.195
"704","Italy","IT","2011",-0.211,-0.193,-0.014,0.147,0.2
"705","Japan","JP","1990",0.156,0.317,1.228,2.468,2.63
"706","Japan","JP","1991",0.293,0.386,1.26,2.242,2.49
"707","Japan","JP","1992",0.356,0.483,1.334,2.186,2.431
"708","Japan","JP","1993",0.32,0.552,1.309,2.305,2.409
"709","Japan","JP","1994",0.333,0.49,1.351,2.263,2.496
"710","Japan","JP","1995",0.365,0.607,1.374,2.455,2.547
"711","Japan","JP","1996",0.421,0.599,1.438,2.394,2.577
"712","Japan","JP","1997",0.473,0.554,1.481,2.432,2.707
"713","Japan","JP","1998",0.406,0.643,1.638,2.603,2.743
"714","Japan","JP","1999",0.716,0.867,1.851,2.944,3.208
"715","Japan","JP","2000",0.926,1.071,2.287,3.591,4.105
"716","Japan","JP","2001",0.933,1.074,2.536,4.047,4.655
"717","Japan","JP","2002",1.063,1.082,2.637,4.433,5.196
"718","Japan","JP","2003",1.055,1.225,2.713,4.466,5.075
"719","Japan","JP","2004",0.984,1.332,2.698,4.593,4.998
"720","Japan","JP","2005",0.993,1.164,2.611,4.414,4.969
"721","Japan","JP","2006",0.786,0.947,2.294,4.201,4.94
"722","Japan","JP","2007",0.731,0.799,2.132,3.712,4.215
"723","Japan","JP","2008",0.382,0.506,1.673,2.903,3.408
"724","Japan","JP","2009",-0.04,0.153,0.99,1.924,2.225
"725","Japan","JP","2010",-0.379,-0.374,-0.234,-0.053,0.015
"726","Japan","JP","2011",-0.374,-0.376,-0.255,-0.102,-0.029
"727","Korea, Rep.","KR","1990",0.031,0.128,0.471,0.802,0.868
"728","Korea, Rep.","KR","1991",0.076,0.144,0.473,0.774,0.843
"729","Korea, Rep.","KR","1992",0.105,0.166,0.477,0.779,0.859
"730","Korea, Rep.","KR","1993",0.107,0.181,0.488,0.788,0.832
"731","Korea, Rep.","KR","1994",0.136,0.228,0.504,0.809,0.85
"732","Korea, Rep.","KR","1995",0.192,0.261,0.527,0.838,0.893
"733","Korea, Rep.","KR","1996",0.23,0.276,0.546,0.839,0.929
"734","Korea, Rep.","KR","1997",0.238,0.28,0.556,0.852,0.957
"735","Korea, Rep.","KR","1998",0.238,0.293,0.578,0.921,1.017
"736","Korea, Rep.","KR","1999",0.278,0.279,0.585,0.95,1.1
"737","Korea, Rep.","KR","2000",0.282,0.286,0.604,1.034,1.165
"738","Korea, Rep.","KR","2001",0.264,0.279,0.616,1.091,1.249
"739","Korea, Rep.","KR","2002",0.213,0.273,0.626,1.104,1.296
"740","Korea, Rep.","KR","2003",0.214,0.288,0.62,1.134,1.343
"741","Korea, Rep.","KR","2004",0.218,0.278,0.608,1.096,1.308
"742","Korea, Rep.","KR","2005",0.18,0.244,0.574,0.989,1.144
"743","Korea, Rep.","KR","2006",0.157,0.196,0.528,0.868,1.025
"744","Korea, Rep.","KR","2007",0.131,0.131,0.476,0.794,0.972
"745","Korea, Rep.","KR","2008",0.038,0.103,0.453,0.786,0.832
"746","Korea, Rep.","KR","2009",-0.021,0.035,0.433,0.734,0.807
"747","Korea, Rep.","KR","2010",-0.104,0.034,0.406,0.781,0.788
"748","Korea, Rep.","KR","2011",-0.147,-0.001,0.4,0.803,0.798
"749","Kuwait","KW","1990",-0.64,-0.597,-0.492,-0.387,-0.384
"750","Kuwait","KW","1991",-0.501,-0.486,-0.419,-0.36,-0.339
"751","Kuwait","KW","1992",-0.392,-0.385,-0.331,-0.266,-0.245
"752","Kuwait","KW","1993",-0.374,-0.365,-0.295,-0.213,-0.191
"753","Kuwait","KW","1994",-0.363,-0.347,-0.265,-0.168,-0.149
"754","Kuwait","KW","1995",-0.337,-0.329,-0.222,-0.114,-0.079
"755","Kuwait","KW","1996",-0.32,-0.307,-0.196,-0.068,-0.03
"756","Kuwait","KW","1997",-0.328,-0.317,-0.191,-0.066,-0.023
"757","Kuwait","KW","1998",-0.325,-0.311,-0.201,-0.08,-0.046
"758","Kuwait","KW","1999",-0.362,-0.327,-0.236,-0.111,-0.111
"759","Kuwait","KW","2000",-0.374,-0.373,-0.291,-0.22,-0.192
"760","Kuwait","KW","2001",-0.375,-0.375,-0.308,-0.237,-0.213
"761","Kuwait","KW","2002",-0.388,-0.384,-0.32,-0.251,-0.228
"762","Kuwait","KW","2003",-0.381,-0.38,-0.322,-0.253,-0.231
"763","Kuwait","KW","2004",-0.386,-0.376,-0.319,-0.248,-0.231
"764","Kuwait","KW","2005",-0.378,-0.374,-0.309,-0.242,-0.219
"765","Kuwait","KW","2006",-0.382,-0.377,-0.319,-0.252,-0.232
"766","Kuwait","KW","2007",-0.387,-0.38,-0.321,-0.255,-0.236
"767","Kuwait","KW","2008",-0.39,-0.382,-0.322,-0.26,-0.24
"768","Kuwait","KW","2009",-0.38,-0.383,-0.327,-0.257,-0.223
"769","Kuwait","KW","2010",-0.392,-0.382,-0.325,-0.253,-0.235
"770","Kuwait","KW","2011",-0.389,-0.379,-0.322,-0.248,-0.231
"771","Luxembourg","LU","1990",-0.349,-0.343,-0.185,-0.041,0.021
"772","Luxembourg","LU","1991",-0.359,-0.339,-0.217,-0.081,-0.038
"773","Luxembourg","LU","1992",-0.373,-0.362,-0.271,-0.153,-0.111
"774","Luxembourg","LU","1993",-0.471,-0.452,-0.395,-0.342,-0.328
"775","Luxembourg","LU","1994",-0.446,-0.435,-0.385,-0.34,-0.317
"776","Luxembourg","LU","1995",-0.383,-0.368,-0.282,-0.176,-0.15
"777","Luxembourg","LU","1996",-0.372,-0.355,-0.259,-0.147,-0.119
"778","Luxembourg","LU","1997",-0.388,-0.377,-0.302,-0.214,-0.187
"779","Luxembourg","LU","1998",-0.63,-0.585,-0.474,-0.382,-0.377
"780","Luxembourg","LU","1999",-0.528,-0.51,-0.432,-0.363,-0.342
"781","Luxembourg","LU","2000",-0.397,-0.387,-0.339,-0.27,-0.255
"782","Luxembourg","LU","2001",-0.391,-0.376,-0.323,-0.235,-0.231
"783","Luxembourg","LU","2002",-0.386,-0.38,-0.32,-0.247,-0.227
"784","Luxembourg","LU","2003",-0.389,-0.376,-0.3,-0.21,-0.192
"785","Luxembourg","LU","2004",-0.375,-0.367,-0.273,-0.173,-0.143
"786","Luxembourg","LU","2005",-0.387,-0.378,-0.322,-0.238,-0.215
"787","Luxembourg","LU","2006",-0.393,-0.38,-0.326,-0.253,-0.237
"788","Luxembourg","LU","2007",-0.386,-0.38,-0.321,-0.246,-0.226
"789","Luxembourg","LU","2008",-0.389,-0.377,-0.316,-0.244,-0.229
"790","Luxembourg","LU","2009",-0.369,-0.367,-0.286,-0.197,-0.165
"791","Luxembourg","LU","2010",-0.371,-0.34,-0.219,-0.084,-0.058
"792","Luxembourg","LU","2011",-0.354,-0.34,-0.2,-0.047,0.001
"793","Macao SAR, China","MO","1990",-0.339,-0.325,-0.244,-0.134,-0.109
"794","Macao SAR, China","MO","1991",-0.337,-0.318,-0.246,-0.129,-0.113
"795","Macao SAR, China","MO","1992",-0.332,-0.328,-0.249,-0.146,-0.117
"796","Macao SAR, China","MO","1993",-0.334,-0.325,-0.254,-0.149,-0.128
"797","Macao SAR, China","MO","1994",-0.332,-0.327,-0.259,-0.155,-0.136
"798","Macao SAR, China","MO","1995",-0.336,-0.333,-0.266,-0.182,-0.155
"799","Macao SAR, China","MO","1996",-0.345,-0.341,-0.277,-0.202,-0.178
"800","Macao SAR, China","MO","1997",-0.349,-0.337,-0.285,-0.207,-0.191
"801","Macao SAR, China","MO","1998",-0.358,-0.347,-0.296,-0.224,-0.209
"802","Macao SAR, China","MO","1999",-0.365,-0.357,-0.308,-0.239,-0.225
"803","Macao SAR, China","MO","2000",-0.374,-0.365,-0.32,-0.256,-0.241
"804","Macao SAR, China","MO","2001",-0.388,-0.381,-0.332,-0.279,-0.262
"805","Macao SAR, China","MO","2002",-0.398,-0.388,-0.338,-0.287,-0.275
"806","Macao SAR, China","MO","2003",-0.404,-0.389,-0.344,-0.288,-0.281
"807","Macao SAR, China","MO","2004",-0.404,-0.391,-0.347,-0.294,-0.28
"808","Macao SAR, China","MO","2005",-0.402,-0.391,-0.349,-0.296,-0.281
"809","Macao SAR, China","MO","2006",-0.406,-0.391,-0.348,-0.297,-0.287
"810","Macao SAR, China","MO","2007",-0.402,-0.398,-0.349,-0.303,-0.284
"811","Macao SAR, China","MO","2008",-0.406,-0.396,-0.35,-0.301,-0.286
"812","Macao SAR, China","MO","2009",-0.399,-0.395,-0.349,-0.301,-0.28
"813","Macao SAR, China","MO","2010",-0.401,-0.394,-0.35,-0.299,-0.282
"814","Macao SAR, China","MO","2011",-0.395,-0.39,-0.348,-0.294,-0.273
"815","Malta","MT","1990",-0.258,-0.255,-0.121,-0.013,0.031
"816","Malta","MT","1991",-0.249,-0.247,-0.118,-0.017,0.023
"817","Malta","MT","1992",-0.246,-0.24,-0.118,-0.016,0.019
"818","Malta","MT","1993",-0.248,-0.236,-0.12,-0.014,0.013
"819","Malta","MT","1994",-0.246,-0.241,-0.12,-0.022,0.011
"820","Malta","MT","1995",-0.244,-0.232,-0.121,-0.018,0.013
"821","Malta","MT","1996",-0.244,-0.229,-0.122,-0.021,0.01
"822","Malta","MT","1997",-0.239,-0.225,-0.124,-0.021,0.006
"823","Malta","MT","1998",-0.241,-0.226,-0.119,-0.021,0.006
"824","Malta","MT","1999",-0.239,-0.226,-0.117,-0.022,0.008
"825","Malta","MT","2000",-0.239,-0.224,-0.119,-0.021,0.011
"826","Malta","MT","2001",-0.233,-0.223,-0.119,-0.018,0.014
"827","Malta","MT","2002",-0.235,-0.222,-0.12,-0.02,0.009
"828","Malta","MT","2003",-0.233,-0.222,-0.121,-0.022,0.007
"829","Malta","MT","2004",-0.231,-0.224,-0.121,-0.021,0.01
"830","Malta","MT","2005",-0.235,-0.221,-0.122,-0.019,0.008
"831","Malta","MT","2006",-0.239,-0.225,-0.122,-0.021,0.008
"832","Malta","MT","2007",-0.236,-0.225,-0.124,-0.014,0.017
"833","Malta","MT","2008",-0.24,-0.236,-0.125,-0.01,0.028
"834","Malta","MT","2009",-0.245,-0.235,-0.123,-0.002,0.042
"835","Malta","MT","2010",-0.259,-0.244,-0.121,-0.007,0.019
"836","Malta","MT","2011",-0.268,-0.242,-0.121,0.001,0.032
"837","Mexico","MX","1990",-0.34,-0.326,-0.225,-0.118,-0.075
"838","Mexico","MX","1991",-0.343,-0.313,-0.227,-0.109,-0.089
"839","Mexico","MX","1992",-0.347,-0.317,-0.228,-0.123,-0.105
"840","Mexico","MX","1993",-0.334,-0.309,-0.233,-0.117,-0.112
"841","Mexico","MX","1994",-0.342,-0.32,-0.241,-0.151,-0.134
"842","Mexico","MX","1995",-0.345,-0.333,-0.251,-0.167,-0.14
"843","Mexico","MX","1996",-0.353,-0.335,-0.264,-0.184,-0.163
"844","Mexico","MX","1997",-0.35,-0.35,-0.283,-0.216,-0.191
"845","Mexico","MX","1998",-0.37,-0.358,-0.302,-0.235,-0.223
"846","Mexico","MX","1999",-0.373,-0.363,-0.311,-0.246,-0.234
"847","Mexico","MX","2000",-0.378,-0.369,-0.317,-0.257,-0.243
"848","Mexico","MX","2001",-0.377,-0.371,-0.321,-0.259,-0.242
"849","Mexico","MX","2002",-0.383,-0.373,-0.322,-0.264,-0.249
"850","Mexico","MX","2003",-0.38,-0.376,-0.325,-0.27,-0.248
"851","Mexico","MX","2004",-0.383,-0.376,-0.327,-0.269,-0.251
"852","Mexico","MX","2005",-0.378,-0.377,-0.328,-0.271,-0.247
"853","Mexico","MX","2006",-0.382,-0.376,-0.326,-0.267,-0.25
"854","Mexico","MX","2007",-0.38,-0.378,-0.327,-0.267,-0.247
"855","Mexico","MX","2008",-0.384,-0.378,-0.329,-0.277,-0.256
"856","Mexico","MX","2009",-0.391,-0.378,-0.327,-0.271,-0.26
"857","Mexico","MX","2010",-0.381,-0.376,-0.327,-0.267,-0.246
"858","Mexico","MX","2011",-0.382,-0.377,-0.327,-0.261,-0.243
"859","Morocco","MA","1990",-0.413,-0.402,-0.361,-0.31,-0.295
"860","Morocco","MA","1991",-0.349,-0.329,-0.2,-0.03,0.024
"861","Morocco","MA","1992",-0.305,-0.283,-0.112,0.114,0.174
"862","Morocco","MA","1993",-0.278,-0.256,-0.054,0.197,0.276
"863","Morocco","MA","1994",-0.258,-0.237,-0.019,0.235,0.319
"864","Morocco","MA","1995",-0.263,-0.247,-0.012,0.23,0.308
"865","Morocco","MA","1996",-0.255,-0.23,-0.01,0.227,0.295
"866","Morocco","MA","1997",-0.243,-0.22,-0.029,0.198,0.264
"867","Morocco","MA","1998",-0.258,-0.232,-0.032,0.187,0.253
"868","Morocco","MA","1999",-0.257,-0.228,-0.021,0.187,0.244
"869","Morocco","MA","2000",-0.239,-0.209,0.006,0.226,0.278
"870","Morocco","MA","2001",-0.219,-0.2,0.008,0.239,0.305
"871","Morocco","MA","2002",-0.231,-0.202,0.017,0.249,0.306
"872","Morocco","MA","2003",-0.243,-0.194,0.024,0.283,0.342
"873","Morocco","MA","2004",-0.227,-0.184,0.033,0.308,0.375
"874","Morocco","MA","2005",-0.231,-0.211,0.023,0.262,0.354
"875","Morocco","MA","2006",-0.24,-0.215,0.012,0.259,0.327
"876","Morocco","MA","2007",-0.241,-0.205,0.008,0.242,0.316
"877","Morocco","MA","2008",-0.256,-0.218,-0.003,0.234,0.285
"878","Morocco","MA","2009",-0.27,-0.236,-0.016,0.199,0.263
"879","Morocco","MA","2010",-0.297,-0.265,-0.039,0.184,0.237
"880","Morocco","MA","2011",-0.328,-0.291,-0.049,0.19,0.236
"881","Netherlands","NL","1990",0.276,0.371,1.035,1.704,1.875
"882","Netherlands","NL","1991",0.369,0.396,1.013,1.637,1.869
"883","Netherlands","NL","1992",0.332,0.411,0.958,1.582,1.735
"884","Netherlands","NL","1993",0.293,0.365,0.898,1.56,1.665
"885","Netherlands","NL","1994",0.219,0.271,0.812,1.422,1.558
"886","Netherlands","NL","1995",0.101,0.176,0.676,1.285,1.415
"887","Netherlands","NL","1996",-0.088,0.029,0.488,1.042,1.114
"888","Netherlands","NL","1997",-0.26,-0.186,0.172,0.586,0.67
"889","Netherlands","NL","1998",-0.46,-0.456,-0.398,-0.35,-0.316
"890","Netherlands","NL","1999",-0.439,-0.431,-0.386,-0.341,-0.318
"891","Netherlands","NL","2000",-0.344,-0.309,-0.04,0.266,0.369
"892","Netherlands","NL","2001",-0.288,-0.254,0.118,0.456,0.571
"893","Netherlands","NL","2002",-0.229,-0.172,0.201,0.597,0.693
"894","Netherlands","NL","2003",-0.197,-0.172,0.237,0.633,0.753
"895","Netherlands","NL","2004",-0.197,-0.17,0.252,0.67,0.818
"896","Netherlands","NL","2005",-0.204,-0.133,0.258,0.692,0.783
"897","Netherlands","NL","2006",-0.164,-0.133,0.274,0.659,0.784
"898","Netherlands","NL","2007",-0.237,-0.141,0.228,0.635,0.694
"899","Netherlands","NL","2008",-0.206,-0.179,0.195,0.59,0.71
"900","Netherlands","NL","2009",-0.278,-0.201,0.165,0.539,0.628
"901","Netherlands","NL","2010",-0.272,-0.237,0.137,0.552,0.628
"902","Netherlands","NL","2011",-0.308,-0.292,0.132,0.564,0.669
"903","New Zealand","NZ","1990",-0.205,-0.179,0.28,0.687,0.794
"904","New Zealand","NZ","1991",-0.152,-0.124,0.288,0.637,0.737
"905","New Zealand","NZ","1992",-0.15,-0.068,0.278,0.704,0.731
"906","New Zealand","NZ","1993",-0.114,-0.077,0.268,0.655,0.735
"907","New Zealand","NZ","1994",-0.165,-0.118,0.26,0.551,0.626
"908","New Zealand","NZ","1995",-0.138,-0.082,0.216,0.551,0.638
"909","New Zealand","NZ","1996",-0.226,-0.117,0.182,0.549,0.586
"910","New Zealand","NZ","1997",-0.209,-0.162,0.138,0.443,0.504
"911","New Zealand","NZ","1998",-0.262,-0.252,0.069,0.316,0.386
"912","New Zealand","NZ","1999",-0.257,-0.207,0.044,0.304,0.35
"913","New Zealand","NZ","2000",-0.261,-0.225,0.032,0.316,0.374
"914","New Zealand","NZ","2001",-0.254,-0.218,0.036,0.325,0.39
"915","New Zealand","NZ","2002",-0.227,-0.187,0.048,0.342,0.404
"916","New Zealand","NZ","2003",-0.349,-0.192,0.072,0.378,0.367
"917","New Zealand","NZ","2004",-0.247,-0.206,0.061,0.347,0.416
"918","New Zealand","NZ","2005",-0.285,-0.277,0.037,0.311,0.418
"919","New Zealand","NZ","2006",-0.267,-0.242,0.018,0.3,0.391
"920","New Zealand","NZ","2007",-0.274,-0.245,-0.024,0.261,0.323
"921","New Zealand","NZ","2008",-0.321,-0.279,-0.047,0.204,0.27
"922","New Zealand","NZ","2009",-0.319,-0.316,-0.112,0.101,0.184
"923","New Zealand","NZ","2010",-0.375,-0.359,-0.229,-0.079,-0.031
"924","New Zealand","NZ","2011",-0.776,-0.73,-0.553,-0.409,-0.395
"925","Nigeria","NG","1990",-0.177,-0.148,0.027,0.268,0.343
"926","Nigeria","NG","1991",-0.192,-0.147,0.025,0.245,0.302
"927","Nigeria","NG","1992",-0.174,-0.14,0.022,0.243,0.294
"928","Nigeria","NG","1993",-0.185,-0.149,0.014,0.211,0.26
"929","Nigeria","NG","1994",-0.183,-0.151,0.008,0.209,0.245
"930","Nigeria","NG","1995",-0.18,-0.147,0.002,0.203,0.234
"931","Nigeria","NG","1996",-0.18,-0.144,-0.001,0.201,0.23
"932","Nigeria","NG","1997",-0.189,-0.147,-0.004,0.196,0.225
"933","Nigeria","NG","1998",-0.19,-0.158,-0.006,0.188,0.214
"934","Nigeria","NG","1999",-0.182,-0.155,-0.003,0.19,0.22
"935","Nigeria","NG","2000",-0.19,-0.157,-0.004,0.19,0.22
"936","Nigeria","NG","2001",-0.19,-0.162,-0.005,0.179,0.211
"937","Nigeria","NG","2002",-0.19,-0.161,-0.003,0.175,0.21
"938","Nigeria","NG","2003",-0.177,-0.157,0.001,0.182,0.221
"939","Nigeria","NG","2004",-0.187,-0.146,0.001,0.185,0.208
"940","Nigeria","NG","2005",-0.178,-0.146,0,0.186,0.218
"941","Nigeria","NG","2006",-0.182,-0.147,-0.003,0.182,0.214
"942","Nigeria","NG","2007",-0.179,-0.148,-0.005,0.182,0.22
"943","Nigeria","NG","2008",-0.184,-0.147,-0.006,0.189,0.225
"944","Nigeria","NG","2009",-0.199,-0.153,-0.005,0.193,0.21
"945","Nigeria","NG","2010",-0.204,-0.157,-0.003,0.197,0.222
"946","Nigeria","NG","2011",-0.21,-0.17,-0.003,0.194,0.242
"947","Norway","NO","1990",-0.155,-0.074,0.672,1.436,1.662
"948","Norway","NO","1991",-0.017,0.058,0.737,1.403,1.626
"949","Norway","NO","1992",0.037,0.091,0.737,1.378,1.561
"950","Norway","NO","1993",0.016,0.163,0.773,1.5,1.635
"951","Norway","NO","1994",0.106,0.3,0.923,1.688,1.777
"952","Norway","NO","1995",0.227,0.398,1.093,1.88,1.997
"953","Norway","NO","1996",0.395,0.483,1.199,2.045,2.232
"954","Norway","NO","1997",0.348,0.439,1.321,2.234,2.483
"955","Norway","NO","1998",0.391,0.544,1.414,2.464,2.758
"956","Norway","NO","1999",0.472,0.666,1.549,2.63,2.93
"957","Norway","NO","2000",0.615,0.84,1.854,3.154,3.495
"958","Norway","NO","2001",0.721,0.85,2.006,3.403,3.908
"959","Norway","NO","2002",0.769,0.803,2.021,3.382,4.133
"960","Norway","NO","2003",0.608,0.806,1.948,3.291,3.628
"961","Norway","NO","2004",0.496,0.66,1.7,2.902,3.229
"962","Norway","NO","2005",0.224,0.426,1.278,2.459,2.716
"963","Norway","NO","2006",-0.181,-0.062,0.634,1.501,1.845
"964","Norway","NO","2007",-0.646,-0.635,-0.505,-0.404,-0.371
"965","Norway","NO","2008",-0.682,-0.637,-0.515,-0.399,-0.385
"966","Norway","NO","2009",-0.727,-0.663,-0.522,-0.402,-0.39
"967","Norway","NO","2010",-1.337,-1.227,-0.824,-0.493,-0.451
"968","Norway","NO","2011",-1.639,-1.476,-0.894,-0.508,-0.493
"969","Oman","OM","1990",-0.492,-0.48,-0.416,-0.362,-0.343
"970","Oman","OM","1991",-0.48,-0.473,-0.409,-0.36,-0.337
"971","Oman","OM","1992",-0.481,-0.471,-0.41,-0.359,-0.337
"972","Oman","OM","1993",-0.477,-0.468,-0.409,-0.358,-0.334
"973","Oman","OM","1994",-0.498,-0.475,-0.41,-0.352,-0.345
"974","Oman","OM","1995",-0.478,-0.468,-0.41,-0.355,-0.331
"975","Oman","OM","1996",-0.486,-0.471,-0.409,-0.351,-0.336
"976","Oman","OM","1997",-0.483,-0.462,-0.408,-0.345,-0.328
"977","Oman","OM","1998",-0.481,-0.47,-0.408,-0.358,-0.337
"978","Oman","OM","1999",-0.483,-0.475,-0.407,-0.358,-0.337
"979","Oman","OM","2000",-0.487,-0.465,-0.405,-0.351,-0.338
"980","Oman","OM","2001",-0.451,-0.446,-0.393,-0.345,-0.318
"981","Oman","OM","2002",-0.383,-0.373,-0.315,-0.233,-0.215
"982","Oman","OM","2003",-0.361,-0.353,-0.272,-0.174,-0.148
"983","Oman","OM","2004",-0.341,-0.333,-0.232,-0.121,-0.085
"984","Oman","OM","2005",-0.32,-0.314,-0.205,-0.092,-0.049
"985","Oman","OM","2006",-0.302,-0.295,-0.184,-0.052,-0.005
"986","Oman","OM","2007",-0.304,-0.285,-0.168,-0.028,0.002
"987","Oman","OM","2008",-0.3,-0.275,-0.152,0.01,0.033
"988","Oman","OM","2009",-0.283,-0.271,-0.145,0.014,0.062
"989","Oman","OM","2010",-0.289,-0.279,-0.138,0.015,0.062
"990","Oman","OM","2011",-0.303,-0.285,-0.147,0.027,0.079
"991","Panama","PA","1990",-0.255,-0.229,-0.089,0.063,0.093
"992","Panama","PA","1991",-0.254,-0.219,-0.089,0.064,0.083
"993","Panama","PA","1992",-0.26,-0.22,-0.091,0.052,0.071
"994","Panama","PA","1993",-0.243,-0.212,-0.092,0.055,0.086
"995","Panama","PA","1994",-0.236,-0.207,-0.091,0.053,0.084
"996","Panama","PA","1995",-0.224,-0.21,-0.09,0.048,0.099
"997","Panama","PA","1996",-0.232,-0.213,-0.089,0.046,0.091
"998","Panama","PA","1997",-0.263,-0.209,-0.088,0.053,0.06
"999","Panama","PA","1998",-0.264,-0.206,-0.086,0.059,0.061
"1000","Panama","PA","1999",-0.243,-0.211,-0.085,0.048,0.08
"1001","Panama","PA","2000",-0.243,-0.203,-0.084,0.054,0.08
"1002","Panama","PA","2001",-0.25,-0.205,-0.082,0.056,0.074
"1003","Panama","PA","2002",-0.252,-0.198,-0.08,0.063,0.074
"1004","Panama","PA","2003",-0.244,-0.195,-0.078,0.065,0.075
"1005","Panama","PA","2004",-0.233,-0.192,-0.076,0.067,0.075
"1006","Panama","PA","2005",-0.224,-0.205,-0.074,0.051,0.081
"1007","Panama","PA","2006",-0.217,-0.21,-0.072,0.046,0.087
"1008","Panama","PA","2007",-0.22,-0.207,-0.072,0.059,0.093
"1009","Panama","PA","2008",-0.225,-0.211,-0.073,0.052,0.093
"1010","Panama","PA","2009",-0.218,-0.217,-0.072,0.054,0.107
"1011","Panama","PA","2010",-0.236,-0.214,-0.073,0.061,0.098
"1012","Panama","PA","2011",-0.229,-0.213,-0.073,0.07,0.118
"1013","Peru","PE","1990",-0.165,-0.057,0.5,1.018,1.132
"1014","Peru","PE","1991",-0.053,-0.012,0.544,0.966,1.104
"1015","Peru","PE","1992",-0.001,0.096,0.563,1.008,1.073
"1016","Peru","PE","1993",0.088,0.16,0.649,1.041,1.196
"1017","Peru","PE","1994",0.122,0.225,0.687,1.097,1.204
"1018","Peru","PE","1995",0.164,0.255,0.721,1.185,1.285
"1019","Peru","PE","1996",0.208,0.286,0.787,1.246,1.36
"1020","Peru","PE","1997",0.232,0.318,0.863,1.356,1.497
"1021","Peru","PE","1998",0.309,0.444,0.963,1.536,1.683
"1022","Peru","PE","1999",0.453,0.544,1.109,1.673,1.853
"1023","Peru","PE","2000",0.695,0.647,1.266,1.882,2.197
"1024","Peru","PE","2001",0.712,0.876,1.417,2.199,2.234
"1025","Peru","PE","2002",0.918,0.831,1.599,2.379,2.787
"1026","Peru","PE","2003",0.82,0.956,1.745,2.638,3.097
"1027","Peru","PE","2004",1.056,1.014,1.872,2.838,3.406
"1028","Peru","PE","2005",1.106,1.09,1.971,2.998,3.471
"1029","Peru","PE","2006",0.961,1.243,2.042,3.107,3.205
"1030","Peru","PE","2007",1.096,1.155,2.096,3.06,3.411
"1031","Peru","PE","2008",1.008,1.217,2.13,3.162,3.346
"1032","Peru","PE","2009",1.012,1.186,2.13,3.181,3.395
"1033","Peru","PE","2010",0.941,1.167,2.098,3.138,3.315
"1034","Peru","PE","2011",0.864,1.025,2.051,3.072,3.331
"1035","Philippines","PH","1990",0.218,0.331,0.68,1.092,1.155
"1036","Philippines","PH","1991",0.26,0.319,0.693,1.038,1.123
"1037","Philippines","PH","1992",0.275,0.342,0.693,1.032,1.125
"1038","Philippines","PH","1993",0.263,0.351,0.697,1.02,1.085
"1039","Philippines","PH","1994",0.264,0.341,0.695,1.059,1.113
"1040","Philippines","PH","1995",0.302,0.381,0.712,1.076,1.144
"1041","Philippines","PH","1996",0.338,0.39,0.721,1.067,1.183
"1042","Philippines","PH","1997",0.287,0.368,0.731,1.067,1.164
"1043","Philippines","PH","1998",0.287,0.412,0.731,1.141,1.215
"1044","Philippines","PH","1999",0.32,0.388,0.755,1.142,1.302
"1045","Philippines","PH","2000",0.38,0.42,0.786,1.221,1.357
"1046","Philippines","PH","2001",0.381,0.429,0.811,1.253,1.413
"1047","Philippines","PH","2002",0.43,0.407,0.834,1.381,1.656
"1048","Philippines","PH","2003",0.374,0.406,0.842,1.447,1.848
"1049","Philippines","PH","2004",0.364,0.375,0.828,1.428,1.763
"1050","Philippines","PH","2005",0.383,0.38,0.808,1.406,1.653
"1051","Philippines","PH","2006",0.356,0.411,0.775,1.326,1.489
"1052","Philippines","PH","2007",0.304,0.384,0.722,1.193,1.297
"1053","Philippines","PH","2008",0.188,0.314,0.65,1.104,1.15
"1054","Philippines","PH","2009",0.059,0.204,0.605,1.037,1.077
"1055","Philippines","PH","2010",-0.105,0.069,0.587,1.007,1.029
"1056","Philippines","PH","2011",-0.129,0.034,0.575,1.025,1.039
"1057","Poland","PL","1990",-0.299,-0.244,0.041,0.366,0.417
"1058","Poland","PL","1991",-0.214,-0.206,0.053,0.356,0.474
"1059","Poland","PL","1992",-0.203,-0.176,0.078,0.379,0.462
"1060","Poland","PL","1993",-0.22,-0.16,0.093,0.397,0.455
"1061","Poland","PL","1994",-0.219,-0.168,0.102,0.396,0.475
"1062","Poland","PL","1995",-0.184,-0.168,0.112,0.423,0.567
"1063","Poland","PL","1996",-0.187,-0.174,0.114,0.421,0.519
"1064","Poland","PL","1997",-0.224,-0.169,0.111,0.424,0.512
"1065","Poland","PL","1998",-0.192,-0.163,0.113,0.41,0.504
"1066","Poland","PL","1999",-0.178,-0.165,0.102,0.373,0.466
"1067","Poland","PL","2000",-0.186,-0.161,0.09,0.373,0.448
"1068","Poland","PL","2001",-0.187,-0.174,0.075,0.36,0.439
"1069","Poland","PL","2002",-0.203,-0.191,0.06,0.33,0.421
"1070","Poland","PL","2003",-0.218,-0.185,0.034,0.338,0.4
"1071","Poland","PL","2004",-0.233,-0.203,0.012,0.296,0.36
"1072","Poland","PL","2005",-0.241,-0.229,-0.021,0.249,0.314
"1073","Poland","PL","2006",-0.288,-0.257,-0.069,0.17,0.247
"1074","Poland","PL","2007",-0.324,-0.291,-0.138,0.065,0.105
"1075","Poland","PL","2008",-0.36,-0.358,-0.23,-0.082,-0.014
"1076","Poland","PL","2009",-0.412,-0.408,-0.366,-0.321,-0.301
"1077","Poland","PL","2010",-0.415,-0.41,-0.365,-0.323,-0.303
"1078","Poland","PL","2011",-0.414,-0.41,-0.366,-0.324,-0.301
"1079","Portugal","PT","1990",-0.237,-0.203,-0.059,0.103,0.135
"1080","Portugal","PT","1991",-0.214,-0.201,-0.059,0.095,0.139
"1081","Portugal","PT","1992",-0.223,-0.198,-0.058,0.079,0.114
"1082","Portugal","PT","1993",-0.224,-0.197,-0.057,0.075,0.105
"1083","Portugal","PT","1994",-0.22,-0.192,-0.058,0.066,0.102
"1084","Portugal","PT","1995",-0.2,-0.184,-0.058,0.07,0.112
"1085","Portugal","PT","1996",-0.203,-0.183,-0.058,0.073,0.109
"1086","Portugal","PT","1997",-0.194,-0.176,-0.057,0.076,0.115
"1087","Portugal","PT","1998",-0.197,-0.177,-0.06,0.082,0.127
"1088","Portugal","PT","1999",-0.193,-0.17,-0.057,0.088,0.125
"1089","Portugal","PT","2000",-0.194,-0.172,-0.056,0.086,0.126
"1090","Portugal","PT","2001",-0.191,-0.173,-0.055,0.086,0.126
"1091","Portugal","PT","2002",-0.18,-0.171,-0.055,0.09,0.135
"1092","Portugal","PT","2003",-0.187,-0.166,-0.052,0.1,0.14
"1093","Portugal","PT","2004",-0.177,-0.173,-0.051,0.095,0.149
"1094","Portugal","PT","2005",-0.187,-0.171,-0.052,0.105,0.145
"1095","Portugal","PT","2006",-0.194,-0.174,-0.05,0.112,0.145
"1096","Portugal","PT","2007",-0.193,-0.172,-0.05,0.122,0.15
"1097","Portugal","PT","2008",-0.193,-0.178,-0.051,0.127,0.162
"1098","Portugal","PT","2009",-0.2,-0.178,-0.052,0.136,0.17
"1099","Portugal","PT","2010",-0.21,-0.176,-0.053,0.155,0.184
"1100","Portugal","PT","2011",-0.222,-0.179,-0.053,0.162,0.187
"1101","Qatar","QA","1990",-0.542,-0.523,-0.444,-0.377,-0.364
"1102","Qatar","QA","1991",-0.522,-0.51,-0.439,-0.38,-0.362
"1103","Qatar","QA","1992",-0.513,-0.502,-0.436,-0.375,-0.353
"1104","Qatar","QA","1993",-0.495,-0.478,-0.417,-0.359,-0.344
"1105","Qatar","QA","1994",-0.489,-0.474,-0.412,-0.356,-0.343
"1106","Qatar","QA","1995",-0.48,-0.474,-0.411,-0.361,-0.335
"1107","Qatar","QA","1996",-0.479,-0.476,-0.41,-0.362,-0.337
"1108","Qatar","QA","1997",-0.475,-0.466,-0.408,-0.357,-0.333
"1109","Qatar","QA","1998",-0.48,-0.466,-0.409,-0.355,-0.336
"1110","Qatar","QA","1999",-0.495,-0.47,-0.411,-0.354,-0.343
"1111","Qatar","QA","2000",-0.473,-0.469,-0.409,-0.352,-0.319
"1112","Qatar","QA","2001",-0.489,-0.467,-0.406,-0.35,-0.34
"1113","Qatar","QA","2002",-0.464,-0.444,-0.392,-0.342,-0.331
"1114","Qatar","QA","2003",-0.384,-0.374,-0.318,-0.242,-0.221
"1115","Qatar","QA","2004",-0.372,-0.351,-0.269,-0.17,-0.155
"1116","Qatar","QA","2005",-0.34,-0.331,-0.235,-0.126,-0.098
"1117","Qatar","QA","2006",-0.323,-0.315,-0.206,-0.084,-0.048
"1118","Qatar","QA","2007",-0.319,-0.3,-0.187,-0.044,-0.007
"1119","Qatar","QA","2008",-0.312,-0.304,-0.171,-0.032,0.012
"1120","Qatar","QA","2009",-0.316,-0.299,-0.158,-0.016,0.032
"1121","Qatar","QA","2010",-0.316,-0.303,-0.151,-0.001,0.059
"1122","Qatar","QA","2011",-0.329,-0.309,-0.148,0.005,0.068
"1123","Russian Federation","RU","1990",-2.724,-2.281,-1.311,-0.534,-0.491
"1124","Russian Federation","RU","1991",-2.244,-1.948,-1.157,-0.567,-0.513
"1125","Russian Federation","RU","1992",-1.694,-1.555,-0.902,-0.517,-0.475
"1126","Russian Federation","RU","1993",-0.503,-0.484,-0.418,-0.351,-0.335
"1127","Russian Federation","RU","1994",-0.364,-0.35,-0.147,0.103,0.18
"1128","Russian Federation","RU","1995",-0.348,-0.319,-0.098,0.205,0.277
"1129","Russian Federation","RU","1996",-0.341,-0.326,-0.034,0.282,0.363
"1130","Russian Federation","RU","1997",-0.325,-0.325,-0.019,0.325,0.447
"1131","Russian Federation","RU","1998",-0.332,-0.298,-0.009,0.336,0.407
"1132","Russian Federation","RU","1999",-0.339,-0.293,0.019,0.376,0.488
"1133","Russian Federation","RU","2000",-0.275,-0.218,0.078,0.478,0.528
"1134","Russian Federation","RU","2001",-0.286,-0.237,0.138,0.493,0.593
"1135","Russian Federation","RU","2002",-0.277,-0.24,0.14,0.522,0.628
"1136","Russian Federation","RU","2003",-0.285,-0.215,0.213,0.636,0.708
"1137","Russian Federation","RU","2004",-0.205,-0.138,0.358,0.823,0.92
"1138","Russian Federation","RU","2005",0.032,0.104,0.64,1.251,1.392
"1139","Russian Federation","RU","2006",0.31,0.361,1.098,1.849,2.098
"1140","Russian Federation","RU","2007",0.515,0.495,1.332,2.353,2.738
"1141","Russian Federation","RU","2008",0.589,0.603,1.563,2.65,3.074
"1142","Russian Federation","RU","2009",0.622,0.705,1.707,2.954,3.308
"1143","Russian Federation","RU","2010",0.633,0.73,1.81,3.169,3.524
"1144","Russian Federation","RU","2011",0.553,0.601,1.849,3.363,3.925
"1145","San Marino","SM","1990",-0.8,-0.753,-0.603,-0.467,-0.464
"1146","San Marino","SM","1991",-0.744,-0.711,-0.594,-0.471,-0.461
"1147","San Marino","SM","1992",-0.712,-0.694,-0.566,-0.474,-0.458
"1148","San Marino","SM","1993",-0.661,-0.632,-0.528,-0.433,-0.429
"1149","San Marino","SM","1994",-0.613,-0.599,-0.51,-0.426,-0.406
"1150","San Marino","SM","1995",-0.607,-0.598,-0.499,-0.425,-0.405
"1151","San Marino","SM","1996",-0.602,-0.575,-0.493,-0.413,-0.406
"1152","San Marino","SM","1997",-0.586,-0.58,-0.492,-0.415,-0.396
"1153","San Marino","SM","1998",-0.594,-0.568,-0.49,-0.412,-0.402
"1154","San Marino","SM","1999",-0.573,-0.567,-0.487,-0.415,-0.39
"1155","San Marino","SM","2000",-0.58,-0.56,-0.484,-0.406,-0.393
"1156","San Marino","SM","2001",-0.581,-0.561,-0.48,-0.402,-0.381
"1157","San Marino","SM","2002",-0.568,-0.559,-0.473,-0.402,-0.373
"1158","San Marino","SM","2003",-0.562,-0.544,-0.461,-0.392,-0.374
"1159","San Marino","SM","2004",-0.529,-0.506,-0.431,-0.365,-0.343
"1160","San Marino","SM","2005",-0.417,-0.411,-0.365,-0.322,-0.302
"1161","San Marino","SM","2006",-0.414,-0.41,-0.361,-0.319,-0.297
"1162","San Marino","SM","2007",-0.41,-0.402,-0.361,-0.311,-0.294
"1163","San Marino","SM","2008",-0.413,-0.407,-0.362,-0.317,-0.299
"1164","San Marino","SM","2009",-0.419,-0.409,-0.365,-0.32,-0.305
"1165","San Marino","SM","2010",-0.514,-0.501,-0.426,-0.362,-0.328
"1166","San Marino","SM","2011",-0.544,-0.533,-0.451,-0.378,-0.35
"1167","Saudi Arabia","SA","1990",-0.389,-0.387,-0.342,-0.293,-0.275
"1168","Saudi Arabia","SA","1991",-0.392,-0.386,-0.343,-0.296,-0.278
"1169","Saudi Arabia","SA","1992",-0.393,-0.387,-0.343,-0.298,-0.279
"1170","Saudi Arabia","SA","1993",-0.393,-0.388,-0.343,-0.299,-0.28
"1171","Saudi Arabia","SA","1994",-0.393,-0.387,-0.343,-0.299,-0.28
"1172","Saudi Arabia","SA","1995",-0.394,-0.388,-0.344,-0.299,-0.278
"1173","Saudi Arabia","SA","1996",-0.394,-0.387,-0.344,-0.298,-0.279
"1174","Saudi Arabia","SA","1997",-0.395,-0.387,-0.343,-0.297,-0.28
"1175","Saudi Arabia","SA","1998",-0.391,-0.388,-0.343,-0.3,-0.277
"1176","Saudi Arabia","SA","1999",-0.394,-0.387,-0.343,-0.298,-0.279
"1177","Saudi Arabia","SA","2000",-0.395,-0.388,-0.343,-0.299,-0.279
"1178","Saudi Arabia","SA","2001",-0.396,-0.388,-0.343,-0.299,-0.281
"1179","Saudi Arabia","SA","2002",-0.39,-0.388,-0.343,-0.299,-0.275
"1180","Saudi Arabia","SA","2003",-0.395,-0.388,-0.342,-0.298,-0.279
"1181","Saudi Arabia","SA","2004",-0.393,-0.388,-0.342,-0.298,-0.278
"1182","Saudi Arabia","SA","2005",-0.397,-0.389,-0.342,-0.299,-0.281
"1183","Saudi Arabia","SA","2006",-0.398,-0.388,-0.342,-0.298,-0.28
"1184","Saudi Arabia","SA","2007",-0.397,-0.388,-0.342,-0.298,-0.28
"1185","Saudi Arabia","SA","2008",-0.394,-0.389,-0.343,-0.298,-0.278
"1186","Saudi Arabia","SA","2009",-0.392,-0.388,-0.343,-0.297,-0.276
"1187","Saudi Arabia","SA","2010",-0.394,-0.389,-0.343,-0.298,-0.278
"1188","Saudi Arabia","SA","2011",-0.395,-0.388,-0.343,-0.296,-0.277
"1189","Singapore","SG","1990",-0.39,-0.385,-0.319,-0.232,-0.198
"1190","Singapore","SG","1991",-0.406,-0.385,-0.32,-0.232,-0.217
"1191","Singapore","SG","1992",-0.393,-0.381,-0.32,-0.233,-0.211
"1192","Singapore","SG","1993",-0.388,-0.381,-0.318,-0.236,-0.216
"1193","Singapore","SG","1994",-0.383,-0.381,-0.315,-0.217,-0.196
"1194","Singapore","SG","1995",-0.395,-0.385,-0.32,-0.243,-0.219
"1195","Singapore","SG","1996",-0.399,-0.387,-0.324,-0.241,-0.225
"1196","Singapore","SG","1997",-0.394,-0.381,-0.321,-0.234,-0.211
"1197","Singapore","SG","1998",-0.404,-0.39,-0.315,-0.222,-0.183
"1198","Singapore","SG","1999",-0.396,-0.382,-0.309,-0.218,-0.199
"1199","Singapore","SG","2000",-0.373,-0.358,-0.211,-0.07,-0.032
"1200","Singapore","SG","2001",-0.209,-0.168,0.088,0.418,0.494
"1201","Singapore","SG","2002",-0.071,-0.049,0.315,0.727,0.884
"1202","Singapore","SG","2003",-0.011,0.072,0.501,0.994,1.16
"1203","Singapore","SG","2004",0.11,0.139,0.644,1.186,1.401
"1204","Singapore","SG","2005",0.184,0.213,0.732,1.315,1.508
"1205","Singapore","SG","2006",0.189,0.281,0.799,1.366,1.509
"1206","Singapore","SG","2007",0.243,0.29,0.811,1.345,1.511
"1207","Singapore","SG","2008",0.214,0.354,0.814,1.393,1.471
"1208","Singapore","SG","2009",0.231,0.291,0.813,1.338,1.483
"1209","Singapore","SG","2010",0.24,0.276,0.807,1.333,1.499
"1210","Singapore","SG","2011",0.223,0.274,0.785,1.351,1.543
"1211","Slovak Republic","SK","1990",-0.621,-0.596,-0.496,-0.398,-0.384
"1212","Slovak Republic","SK","1991",-0.612,-0.583,-0.487,-0.393,-0.385
"1213","Slovak Republic","SK","1992",-0.555,-0.545,-0.457,-0.39,-0.358
"1214","Slovak Republic","SK","1993",-0.483,-0.473,-0.407,-0.358,-0.333
"1215","Slovak Republic","SK","1994",-0.416,-0.41,-0.365,-0.321,-0.302
"1216","Slovak Republic","SK","1995",-0.41,-0.405,-0.358,-0.311,-0.291
"1217","Slovak Republic","SK","1996",-0.409,-0.408,-0.356,-0.311,-0.288
"1218","Slovak Republic","SK","1997",-0.41,-0.402,-0.356,-0.307,-0.291
"1219","Slovak Republic","SK","1998",-0.407,-0.403,-0.355,-0.307,-0.286
"1220","Slovak Republic","SK","1999",-0.409,-0.395,-0.356,-0.296,-0.288
"1221","Slovak Republic","SK","2000",-0.407,-0.403,-0.355,-0.306,-0.284
"1222","Slovak Republic","SK","2001",-0.411,-0.402,-0.355,-0.308,-0.291
"1223","Slovak Republic","SK","2002",-0.409,-0.401,-0.356,-0.307,-0.291
"1224","Slovak Republic","SK","2003",-0.403,-0.395,-0.355,-0.303,-0.284
"1225","Slovak Republic","SK","2004",-0.408,-0.401,-0.356,-0.306,-0.29
"1226","Slovak Republic","SK","2005",-0.415,-0.399,-0.355,-0.302,-0.293
"1227","Slovak Republic","SK","2006",-0.411,-0.409,-0.355,-0.311,-0.289
"1228","Slovak Republic","SK","2007",-0.407,-0.401,-0.356,-0.305,-0.289
"1229","Slovak Republic","SK","2008",-0.408,-0.405,-0.356,-0.309,-0.288
"1230","Slovak Republic","SK","2009",-0.408,-0.4,-0.357,-0.306,-0.288
"1231","Slovak Republic","SK","2010",-0.396,-0.388,-0.344,-0.286,-0.267
"1232","Slovak Republic","SK","2011",-0.398,-0.383,-0.338,-0.271,-0.263
"1233","Slovenia","SI","1990",-0.8,-0.73,-0.565,-0.418,-0.408
"1234","Slovenia","SI","1991",-0.497,-0.481,-0.409,-0.35,-0.324
"1235","Slovenia","SI","1992",-0.36,-0.36,-0.243,-0.105,-0.059
"1236","Slovenia","SI","1993",-0.334,-0.313,-0.165,0.001,0.043
"1237","Slovenia","SI","1994",-0.313,-0.298,-0.115,0.069,0.13
"1238","Slovenia","SI","1995",-0.293,-0.287,-0.093,0.085,0.16
"1239","Slovenia","SI","1996",-0.29,-0.257,-0.078,0.132,0.178
"1240","Slovenia","SI","1997",-0.29,-0.252,-0.064,0.153,0.193
"1241","Slovenia","SI","1998",-0.283,-0.257,-0.05,0.168,0.232
"1242","Slovenia","SI","1999",-0.296,-0.265,-0.043,0.176,0.232
"1243","Slovenia","SI","2000",-0.262,-0.245,-0.026,0.204,0.291
"1244","Slovenia","SI","2001",-0.266,-0.237,-0.01,0.236,0.297
"1245","Slovenia","SI","2002",-0.249,-0.209,0.005,0.281,0.324
"1246","Slovenia","SI","2003",-0.25,-0.215,0.019,0.271,0.329
"1247","Slovenia","SI","2004",-0.218,-0.212,0.031,0.308,0.388
"1248","Slovenia","SI","2005",-0.234,-0.192,0.048,0.314,0.383
"1249","Slovenia","SI","2006",-0.235,-0.213,0.057,0.341,0.414
"1250","Slovenia","SI","2007",-0.211,-0.203,0.074,0.423,0.528
"1251","Slovenia","SI","2008",-0.202,-0.185,0.083,0.379,0.48
"1252","Slovenia","SI","2009",-0.232,-0.167,0.083,0.438,0.476
"1253","Slovenia","SI","2010",-0.244,-0.189,0.078,0.405,0.476
"1254","Slovenia","SI","2011",-0.274,-0.24,0.067,0.396,0.485
"1255","South Africa","ZA","1990",-0.314,-0.318,0.086,0.576,0.768
"1256","South Africa","ZA","1991",-0.477,-0.462,-0.399,-0.345,-0.324
"1257","South Africa","ZA","1992",-0.465,-0.436,-0.386,-0.336,-0.325
"1258","South Africa","ZA","1993",-0.293,-0.283,0.153,0.675,0.831
"1259","South Africa","ZA","1994",-0.224,-0.136,0.412,0.982,1.17
"1260","South Africa","ZA","1995",-0.105,0.014,0.564,1.189,1.322
"1261","South Africa","ZA","1996",-0.008,0.075,0.635,1.226,1.375
"1262","South Africa","ZA","1997",0.036,0.133,0.717,1.352,1.563
"1263","South Africa","ZA","1998",0.078,0.225,0.857,1.569,1.688
"1264","South Africa","ZA","1999",0.306,0.374,1.118,1.887,2.122
"1265","South Africa","ZA","2000",0.588,0.677,1.586,2.631,2.906
"1266","South Africa","ZA","2001",0.683,0.864,1.895,3.174,3.58
"1267","South Africa","ZA","2002",0.975,0.989,2.116,3.476,4.077
"1268","South Africa","ZA","2003",0.882,1.153,2.255,3.837,4.163
"1269","South Africa","ZA","2004",1.081,1.179,2.419,3.916,4.439
"1270","South Africa","ZA","2005",1.157,1.173,2.44,3.915,4.548
"1271","South Africa","ZA","2006",1.056,1.278,2.441,3.88,4.205
"1272","South Africa","ZA","2007",1.154,1.282,2.392,3.876,4.235
"1273","South Africa","ZA","2008",0.991,1.219,2.342,3.702,4.061
"1274","South Africa","ZA","2009",1.052,1.128,2.179,3.537,3.907
"1275","South Africa","ZA","2010",0.787,0.89,1.973,3.196,3.489
"1276","South Africa","ZA","2011",0.582,0.805,1.878,3.173,3.408
"1277","Spain","ES","1990",-0.247,-0.187,-0.035,0.144,0.146
"1278","Spain","ES","1991",-0.222,-0.192,-0.034,0.124,0.146
"1279","Spain","ES","1992",-0.208,-0.167,-0.035,0.138,0.147
"1280","Spain","ES","1993",-0.211,-0.171,-0.034,0.129,0.141
"1281","Spain","ES","1994",-0.204,-0.181,-0.035,0.114,0.144
"1282","Spain","ES","1995",-0.195,-0.172,-0.031,0.124,0.154
"1283","Spain","ES","1996",-0.203,-0.168,-0.03,0.132,0.153
"1284","Spain","ES","1997",-0.214,-0.173,-0.023,0.127,0.141
"1285","Spain","ES","1998",-0.193,-0.173,-0.02,0.123,0.158
"1286","Spain","ES","1999",-0.193,-0.165,-0.012,0.138,0.165
"1287","Spain","ES","2000",-0.192,-0.168,-0.008,0.141,0.175
"1288","Spain","ES","2001",-0.185,-0.169,-0.005,0.147,0.191
"1289","Spain","ES","2002",-0.189,-0.17,-0.003,0.148,0.194
"1290","Spain","ES","2003",-0.191,-0.173,-0.002,0.148,0.193
"1291","Spain","ES","2004",-0.189,-0.169,-0.003,0.153,0.187
"1292","Spain","ES","2005",-0.187,-0.163,-0.005,0.154,0.189
"1293","Spain","ES","2006",-0.19,-0.174,-0.007,0.145,0.186
"1294","Spain","ES","2007",-0.189,-0.166,-0.006,0.154,0.196
"1295","Spain","ES","2008",-0.186,-0.173,-0.007,0.152,0.207
"1296","Spain","ES","2009",-0.188,-0.172,-0.005,0.16,0.208
"1297","Spain","ES","2010",-0.189,-0.173,-0.004,0.165,0.219
"1298","Spain","ES","2011",-0.204,-0.174,-0.003,0.175,0.223
"1299","Sweden","SE","1990",-0.421,-0.418,-0.373,-0.333,-0.312
"1300","Sweden","SE","1991",-0.421,-0.417,-0.373,-0.333,-0.312
"1301","Sweden","SE","1992",-0.421,-0.417,-0.373,-0.333,-0.312
"1302","Sweden","SE","1993",-0.421,-0.417,-0.373,-0.333,-0.313
"1303","Sweden","SE","1994",-0.422,-0.417,-0.373,-0.333,-0.313
"1304","Sweden","SE","1995",-0.422,-0.417,-0.373,-0.333,-0.313
"1305","Sweden","SE","1996",-0.422,-0.417,-0.373,-0.333,-0.313
"1306","Sweden","SE","1997",-0.422,-0.418,-0.373,-0.333,-0.313
"1307","Sweden","SE","1998",-0.423,-0.417,-0.373,-0.332,-0.314
"1308","Sweden","SE","1999",-0.424,-0.417,-0.373,-0.333,-0.315
"1309","Sweden","SE","2000",-0.426,-0.42,-0.374,-0.335,-0.316
"1310","Sweden","SE","2001",-0.422,-0.419,-0.374,-0.334,-0.313
"1311","Sweden","SE","2002",-0.42,-0.417,-0.372,-0.333,-0.311
"1312","Sweden","SE","2003",-0.421,-0.416,-0.372,-0.332,-0.312
"1313","Sweden","SE","2004",-0.42,-0.416,-0.372,-0.332,-0.311
"1314","Sweden","SE","2005",-0.419,-0.413,-0.371,-0.328,-0.31
"1315","Sweden","SE","2006",-0.419,-0.416,-0.371,-0.331,-0.31
"1316","Sweden","SE","2007",-0.419,-0.415,-0.371,-0.331,-0.31
"1317","Sweden","SE","2008",-0.418,-0.416,-0.371,-0.331,-0.309
"1318","Sweden","SE","2009",-0.418,-0.415,-0.371,-0.33,-0.31
"1319","Sweden","SE","2010",-0.418,-0.415,-0.371,-0.331,-0.309
"1320","Sweden","SE","2011",-0.419,-0.416,-0.371,-0.331,-0.31
"1321","Switzerland","CH","1990",-0.091,0.153,0.605,1.117,1.137
"1322","Switzerland","CH","1991",0.115,0.2,0.636,1.053,1.15
"1323","Switzerland","CH","1992",0.177,0.244,0.638,1.048,1.17
"1324","Switzerland","CH","1993",0.088,0.264,0.665,1.171,1.203
"1325","Switzerland","CH","1994",0.21,0.332,0.686,1.125,1.196
"1326","Switzerland","CH","1995",0.245,0.263,0.698,1.099,1.268
"1327","Switzerland","CH","1996",0.263,0.325,0.719,1.15,1.273
"1328","Switzerland","CH","1997",0.337,0.367,0.743,1.168,1.298
"1329","Switzerland","CH","1998",0.371,0.456,0.804,1.344,1.417
"1330","Switzerland","CH","1999",0.376,0.385,0.869,1.49,1.691
"1331","Switzerland","CH","2000",0.448,0.391,0.915,1.71,2.035
"1332","Switzerland","CH","2001",0.387,0.371,0.95,1.809,2.102
"1333","Switzerland","CH","2002",0.351,0.382,0.97,1.794,2.058
"1334","Switzerland","CH","2003",0.348,0.385,0.969,1.786,2.065
"1335","Switzerland","CH","2004",0.365,0.383,0.933,1.698,1.977
"1336","Switzerland","CH","2005",0.373,0.367,0.886,1.535,1.751
"1337","Switzerland","CH","2006",0.331,0.383,0.792,1.376,1.582
"1338","Switzerland","CH","2007",0.12,0.279,0.681,1.172,1.243
"1339","Switzerland","CH","2008",0.061,0.162,0.602,1.052,1.139
"1340","Switzerland","CH","2009",-0.125,0.026,0.55,0.998,1.012
"1341","Switzerland","CH","2010",-0.151,-0.044,0.508,0.967,1.011
"1342","Switzerland","CH","2011",-0.201,-0.098,0.499,0.974,1.012
"1343","Trinidad and Tobago","TT","1990",-0.051,0.001,0.622,1.148,1.286
"1344","Trinidad and Tobago","TT","1991",0.036,0.127,0.619,1.114,1.22
"1345","Trinidad and Tobago","TT","1992",0.073,0.145,0.638,1.104,1.223
"1346","Trinidad and Tobago","TT","1993",0.074,0.169,0.629,1.119,1.193
"1347","Trinidad and Tobago","TT","1994",0.086,0.148,0.626,1.038,1.174
"1348","Trinidad and Tobago","TT","1995",0.029,0.134,0.573,1.013,1.104
"1349","Trinidad and Tobago","TT","1996",0.074,0.178,0.582,1.057,1.13
"1350","Trinidad and Tobago","TT","1997",0.078,0.159,0.652,1.115,1.214
"1351","Trinidad and Tobago","TT","1998",0.243,0.299,0.731,1.262,1.392
"1352","Trinidad and Tobago","TT","1999",0.23,0.35,0.832,1.404,1.532
"1353","Trinidad and Tobago","TT","2000",0.304,0.383,0.948,1.518,1.672
"1354","Trinidad and Tobago","TT","2001",0.363,0.48,1.037,1.682,1.877
"1355","Trinidad and Tobago","TT","2002",0.325,0.473,1.051,1.747,1.893
"1356","Trinidad and Tobago","TT","2003",0.315,0.42,0.997,1.68,1.812
"1357","Trinidad and Tobago","TT","2004",0.197,0.331,0.882,1.438,1.572
"1358","Trinidad and Tobago","TT","2005",0.132,0.245,0.718,1.241,1.329
"1359","Trinidad and Tobago","TT","2006",0.09,0.159,0.599,1.1,1.247
"1360","Trinidad and Tobago","TT","2007",-0.004,0.023,0.492,0.958,1.121
"1361","Trinidad and Tobago","TT","2008",-0.16,-0.081,0.304,0.783,0.901
"1362","Trinidad and Tobago","TT","2009",-0.285,-0.265,0.104,0.498,0.673
"1363","Trinidad and Tobago","TT","2010",-0.411,-0.403,-0.358,-0.307,-0.288
"1364","Trinidad and Tobago","TT","2011",-0.41,-0.407,-0.358,-0.309,-0.286
"1365","Turkey","TR","1990",0.058,0.139,0.431,0.748,0.782
"1366","Turkey","TR","1991",0.083,0.121,0.423,0.716,0.8
"1367","Turkey","TR","1992",0.049,0.113,0.424,0.718,0.773
"1368","Turkey","TR","1993",0.068,0.136,0.434,0.746,0.801
"1369","Turkey","TR","1994",0.107,0.166,0.451,0.728,0.788
"1370","Turkey","TR","1995",0.167,0.219,0.476,0.768,0.822
"1371","Turkey","TR","1996",0.184,0.21,0.507,0.787,0.865
"1372","Turkey","TR","1997",0.167,0.229,0.514,0.83,0.893
"1373","Turkey","TR","1998",0.182,0.19,0.521,0.842,0.94
"1374","Turkey","TR","1999",0.156,0.178,0.534,0.849,0.95
"1375","Turkey","TR","2000",0.168,0.235,0.545,0.926,1.013
"1376","Turkey","TR","2001",0.148,0.256,0.552,1.01,1.045
"1377","Turkey","TR","2002",0.131,0.21,0.544,0.965,1.06
"1378","Turkey","TR","2003",0.139,0.232,0.531,0.932,0.976
"1379","Turkey","TR","2004",0.171,0.189,0.501,0.846,0.956
"1380","Turkey","TR","2005",0.136,0.146,0.467,0.765,0.901
"1381","Turkey","TR","2006",0.076,0.13,0.417,0.694,0.753
"1382","Turkey","TR","2007",0.015,0.075,0.374,0.653,0.704
"1383","Turkey","TR","2008",-0.101,0.002,0.348,0.642,0.661
"1384","Turkey","TR","2009",-0.111,-0.044,0.328,0.623,0.688
"1385","Turkey","TR","2010",-0.19,-0.093,0.323,0.643,0.67
"1386","Turkey","TR","2011",-0.243,-0.149,0.315,0.622,0.657
"1387","Ukraine","UA","1990",-1.089,-0.982,-0.692,-0.46,-0.454
"1388","Ukraine","UA","1991",-0.878,-0.824,-0.624,-0.463,-0.433
"1389","Ukraine","UA","1992",-0.5,-0.482,-0.416,-0.353,-0.333
"1390","Ukraine","UA","1993",-0.378,-0.365,-0.224,-0.074,-0.018
"1391","Ukraine","UA","1994",-0.358,-0.329,-0.149,0.03,0.078
"1392","Ukraine","UA","1995",-0.302,-0.297,-0.107,0.098,0.16
"1393","Ukraine","UA","1996",-0.301,-0.26,-0.082,0.141,0.183
"1394","Ukraine","UA","1997",-0.279,-0.261,-0.069,0.155,0.223
"1395","Ukraine","UA","1998",-0.278,-0.269,-0.054,0.182,0.267
"1396","Ukraine","UA","1999",-0.288,-0.253,-0.031,0.203,0.294
"1397","Ukraine","UA","2000",-0.307,-0.271,-0.05,0.194,0.262
"1398","Ukraine","UA","2001",-0.28,-0.258,-0.043,0.182,0.251
"1399","Ukraine","UA","2002",-0.278,-0.263,-0.034,0.203,0.278
"1400","Ukraine","UA","2003",-0.276,-0.236,-0.012,0.246,0.288
"1401","Ukraine","UA","2004",-0.234,-0.226,0.013,0.298,0.418
"1402","Ukraine","UA","2005",-0.205,-0.172,0.066,0.355,0.431
"1403","Ukraine","UA","2006",-0.201,-0.153,0.129,0.384,0.449
"1404","Ukraine","UA","2007",-0.15,-0.115,0.168,0.458,0.521
"1405","Ukraine","UA","2008",-0.128,-0.084,0.232,0.553,0.62
"1406","Ukraine","UA","2009",-0.114,-0.052,0.287,0.646,0.747
"1407","Ukraine","UA","2010",-0.113,-0.026,0.317,0.703,0.765
"1408","Ukraine","UA","2011",-0.116,-0.04,0.348,0.761,0.839
"1409","United Arab Emirates","AE","1990",-0.494,-0.475,-0.414,-0.357,-0.345
"1410","United Arab Emirates","AE","1991",-0.495,-0.476,-0.416,-0.357,-0.347
"1411","United Arab Emirates","AE","1992",-0.477,-0.471,-0.415,-0.361,-0.34
"1412","United Arab Emirates","AE","1993",-0.479,-0.473,-0.416,-0.365,-0.339
"1413","United Arab Emirates","AE","1994",-0.48,-0.472,-0.417,-0.36,-0.335
"1414","United Arab Emirates","AE","1995",-0.482,-0.476,-0.417,-0.364,-0.333
"1415","United Arab Emirates","AE","1996",-0.483,-0.478,-0.416,-0.366,-0.336
"1416","United Arab Emirates","AE","1997",-0.487,-0.473,-0.417,-0.365,-0.347
"1417","United Arab Emirates","AE","1998",-0.482,-0.471,-0.416,-0.36,-0.335
"1418","United Arab Emirates","AE","1999",-0.481,-0.474,-0.415,-0.363,-0.336
"1419","United Arab Emirates","AE","2000",-0.489,-0.475,-0.416,-0.36,-0.347
"1420","United Arab Emirates","AE","2001",-0.493,-0.472,-0.415,-0.361,-0.349
"1421","United Arab Emirates","AE","2002",-0.481,-0.47,-0.415,-0.362,-0.338
"1422","United Arab Emirates","AE","2003",-0.484,-0.482,-0.415,-0.368,-0.338
"1423","United Arab Emirates","AE","2004",-0.479,-0.471,-0.411,-0.361,-0.336
"1424","United Arab Emirates","AE","2005",-0.464,-0.462,-0.406,-0.355,-0.323
"1425","United Arab Emirates","AE","2006",-0.467,-0.452,-0.4,-0.35,-0.331
"1426","United Arab Emirates","AE","2007",-0.445,-0.443,-0.389,-0.338,-0.3
"1427","United Arab Emirates","AE","2008",-0.401,-0.394,-0.351,-0.292,-0.27
"1428","United Arab Emirates","AE","2009",-0.386,-0.379,-0.324,-0.256,-0.237
"1429","United Arab Emirates","AE","2010",-0.38,-0.371,-0.312,-0.232,-0.207
"1430","United Arab Emirates","AE","2011",-0.379,-0.368,-0.305,-0.215,-0.192
"1431","United Kingdom","GB","1990",-0.385,-0.38,-0.328,-0.266,-0.248
"1432","United Kingdom","GB","1991",-0.385,-0.378,-0.331,-0.27,-0.253
"1433","United Kingdom","GB","1992",-0.383,-0.381,-0.33,-0.276,-0.253
"1434","United Kingdom","GB","1993",-0.385,-0.375,-0.331,-0.267,-0.255
"1435","United Kingdom","GB","1994",-0.387,-0.379,-0.331,-0.268,-0.25
"1436","United Kingdom","GB","1995",-0.389,-0.379,-0.327,-0.266,-0.249
"1437","United Kingdom","GB","1996",-0.386,-0.377,-0.323,-0.262,-0.247
"1438","United Kingdom","GB","1997",-0.378,-0.369,-0.316,-0.249,-0.235
"1439","United Kingdom","GB","1998",-0.374,-0.365,-0.306,-0.238,-0.219
"1440","United Kingdom","GB","1999",-0.359,-0.352,-0.292,-0.214,-0.191
"1441","United Kingdom","GB","2000",-0.357,-0.35,-0.285,-0.203,-0.186
"1442","United Kingdom","GB","2001",-0.349,-0.349,-0.274,-0.188,-0.162
"1443","United Kingdom","GB","2002",-0.353,-0.344,-0.267,-0.18,-0.159
"1444","United Kingdom","GB","2003",-0.348,-0.34,-0.267,-0.177,-0.152
"1445","United Kingdom","GB","2004",-0.355,-0.347,-0.271,-0.189,-0.163
"1446","United Kingdom","GB","2005",-0.368,-0.352,-0.281,-0.193,-0.177
"1447","United Kingdom","GB","2006",-0.366,-0.361,-0.298,-0.217,-0.188
"1448","United Kingdom","GB","2007",-0.381,-0.367,-0.312,-0.232,-0.22
"1449","United Kingdom","GB","2008",-0.378,-0.376,-0.325,-0.258,-0.236
"1450","United Kingdom","GB","2009",-0.392,-0.385,-0.342,-0.279,-0.26
"1451","United Kingdom","GB","2010",-0.429,-0.424,-0.378,-0.339,-0.318
"1452","United Kingdom","GB","2011",-0.433,-0.426,-0.38,-0.339,-0.321
"1453","United States","US","1990",0.55,0.658,1.095,1.611,1.744
"1454","United States","US","1991",0.589,0.7,1.1,1.62,1.741
"1455","United States","US","1992",0.595,0.666,1.113,1.551,1.696
"1456","United States","US","1993",0.66,0.708,1.125,1.572,1.726
"1457","United States","US","1994",0.713,0.725,1.125,1.549,1.753
"1458","United States","US","1995",0.705,0.705,1.123,1.512,1.698
"1459","United States","US","1996",0.739,0.714,1.127,1.505,1.716
"1460","United States","US","1997",0.707,0.714,1.125,1.502,1.681
"1461","United States","US","1998",0.706,0.73,1.133,1.521,1.627
"1462","United States","US","1999",0.69,0.755,1.134,1.531,1.626
"1463","United States","US","2000",0.706,0.744,1.136,1.512,1.617
"1464","United States","US","2001",0.702,0.743,1.138,1.49,1.599
"1465","United States","US","2002",0.706,0.751,1.124,1.493,1.607
"1466","United States","US","2003",0.712,0.736,1.129,1.478,1.618
"1467","United States","US","2004",0.696,0.749,1.129,1.494,1.608
"1468","United States","US","2005",0.707,0.751,1.134,1.496,1.613
"1469","United States","US","2006",0.72,0.736,1.115,1.476,1.616
"1470","United States","US","2007",0.714,0.742,1.116,1.491,1.618
"1471","United States","US","2008",0.712,0.732,1.098,1.488,1.634
"1472","United States","US","2009",0.692,0.739,1.098,1.509,1.618
"1473","United States","US","2010",0.609,0.688,1.099,1.529,1.6
"1474","United States","US","2011",0.6,0.605,1.1,1.461,1.603
"1475","Venezuela, RB","VE","1990",-0.473,-0.46,-0.405,-0.354,-0.334
"1476","Venezuela, RB","VE","1991",-0.474,-0.46,-0.406,-0.357,-0.341
"1477","Venezuela, RB","VE","1992",-0.47,-0.461,-0.405,-0.359,-0.339
"1478","Venezuela, RB","VE","1993",-0.467,-0.457,-0.404,-0.354,-0.33
"1479","Venezuela, RB","VE","1994",-0.473,-0.461,-0.405,-0.352,-0.337
"1480","Venezuela, RB","VE","1995",-0.467,-0.461,-0.404,-0.356,-0.331
"1481","Venezuela, RB","VE","1996",-0.48,-0.46,-0.403,-0.35,-0.343
"1482","Venezuela, RB","VE","1997",-0.47,-0.46,-0.404,-0.357,-0.339
"1483","Venezuela, RB","VE","1998",-0.468,-0.456,-0.403,-0.353,-0.336
"1484","Venezuela, RB","VE","1999",-0.464,-0.455,-0.403,-0.357,-0.335
"1485","Venezuela, RB","VE","2000",-0.464,-0.461,-0.403,-0.36,-0.329
"1486","Venezuela, RB","VE","2001",-0.467,-0.461,-0.403,-0.356,-0.33
"1487","Venezuela, RB","VE","2002",-0.471,-0.462,-0.402,-0.355,-0.336
"1488","Venezuela, RB","VE","2003",-0.47,-0.456,-0.401,-0.355,-0.337
"1489","Venezuela, RB","VE","2004",-0.476,-0.463,-0.403,-0.353,-0.34
"1490","Venezuela, RB","VE","2005",-0.483,-0.455,-0.402,-0.345,-0.34
"1491","Venezuela, RB","VE","2006",-0.46,-0.451,-0.398,-0.34,-0.306
"1492","Venezuela, RB","VE","2007",-0.463,-0.448,-0.394,-0.347,-0.327
"1493","Venezuela, RB","VE","2008",-0.44,-0.432,-0.384,-0.339,-0.318
"1494","Venezuela, RB","VE","2009",-0.402,-0.394,-0.354,-0.292,-0.273
"1495","Venezuela, RB","VE","2010",-0.39,-0.387,-0.34,-0.268,-0.245
"1496","Venezuela, RB","VE","2011",-0.39,-0.381,-0.334,-0.254,-0.232
