"iso2c","country","year","Rep_GFDD.DI.01","Rep_GFDD.DI.02","Rep_GFDD.DI.03","Rep_GFDD.DI.04","Rep_GFDD.DI.05","Rep_GFDD.DI.06","Rep_GFDD.DI.07","Rep_GFDD.DI.08","Rep_GFDD.DI.11","Rep_GFDD.DI.12","Rep_GFDD.DI.13","Rep_GFDD.DI.14","Rep_GFDD.EI.08","Rep_GFDD.OI.02","Rep_GFDD.SI.02","Rep_GFDD.SI.03","Rep_GFDD.SI.04","Rep_GFDD.SI.05","Rep_GFDD.SI.07"
"DZ","Algeria",1998,1,1,0,1,1,1,0,1,0,1,0,1,1,1,0,0,1,0,0
"DZ","Algeria",1999,1,1,0,1,1,1,0,1,0,1,0,1,1,1,0,0,1,0,0
"DZ","Algeria",2000,1,1,0,1,1,1,0,1,1,1,0,1,1,1,0,0,1,0,0
"DZ","Algeria",2001,1,1,0,1,1,1,0,1,1,1,0,1,1,1,0,0,1,0,0
"DZ","Algeria",2002,1,1,1,1,1,1,0,1,0,1,0,1,1,1,0,0,1,0,0
"DZ","Algeria",2003,1,1,1,1,1,1,0,1,1,1,0,1,1,1,0,0,1,0,0
"DZ","Algeria",2004,1,1,1,1,1,1,0,1,1,1,0,1,1,1,0,0,1,0,0
"DZ","Algeria",2005,1,1,1,1,1,1,0,1,1,1,0,1,1,1,0,0,1,0,0
"DZ","Algeria",2006,1,1,1,1,1,1,0,1,1,1,0,1,1,1,0,0,1,0,0
"DZ","Algeria",2007,1,1,1,1,1,1,0,1,1,1,0,1,1,1,0,0,1,0,0
"DZ","Algeria",2008,1,1,1,1,1,1,0,1,0,1,0,1,1,1,0,0,1,0,0
"DZ","Algeria",2009,1,1,1,1,1,1,0,1,1,1,0,1,1,1,0,0,1,0,0
"DZ","Algeria",2010,1,1,1,1,1,1,0,1,1,1,0,1,1,1,0,0,1,0,0
"DZ","Algeria",2011,1,1,1,1,1,1,0,1,0,1,0,1,1,1,0,0,1,0,0
"AR","Argentina",1998,1,1,1,1,1,1,0,1,0,1,1,1,1,1,1,1,1,1,1
"AR","Argentina",1999,1,1,1,1,1,1,0,1,0,1,1,1,1,1,1,1,1,1,1
"AR","Argentina",2000,1,1,1,1,1,1,1,1,0,1,1,1,1,1,1,0,1,1,1
"AR","Argentina",2001,1,1,1,1,1,1,1,1,0,1,1,1,1,1,1,0,1,0,1
"AR","Argentina",2002,1,1,1,1,1,1,1,1,0,1,1,1,1,1,1,0,1,0,1
"AR","Argentina",2003,1,1,1,1,1,1,1,1,1,1,1,1,1,1,1,1,1,1,1
"AR","Argentina",2004,1,1,1,1,1,1,1,1,0,1,1,1,1,1,1,1,1,1,1
"AR","Argentina",2005,1,1,1,1,1,1,1,1,0,1,1,1,1,1,1,1,1,1,1
"AR","Argentina",2006,1,1,1,1,1,1,1,1,1,1,1,1,1,1,1,1,1,1,1
"AR","Argentina",2007,1,1,1,1,1,1,1,1,1,1,1,1,1,1,1,1,1,1,1
"AR","Argentina",2008,1,1,1,1,1,1,1,1,1,1,0,1,1,1,1,1,1,1,1
"AR","Argentina",2009,1,1,1,1,1,1,1,1,1,1,0,1,1,1,1,1,1,1,1
"AR","Argentina",2010,1,1,1,1,1,1,1,1,1,1,0,1,1,1,1,1,1,1,1
"AR","Argentina",2011,1,1,1,1,1,1,1,1,0,1,0,1,1,1,1,1,1,1,1
"AU","Australia",1998,1,1,0,1,1,1,1,1,1,1,0,1,1,1,1,1,1,1,1
"AU","Australia",1999,1,1,0,1,1,1,1,1,1,1,0,1,1,1,1,1,1,1,1
"AU","Australia",2000,1,1,0,1,1,1,1,1,1,1,1,1,1,1,1,1,1,1,1
"AU","Australia",2001,1,1,0,1,1,1,1,1,1,1,1,1,1,1,1,1,1,1,1
"AU","Australia",2002,1,1,0,1,1,1,1,1,1,1,1,1,1,1,1,1,1,1,1
"AU","Australia",2003,1,1,0,1,1,1,1,1,1,1,1,1,1,1,1,1,1,1,1
"AU","Australia",2004,1,1,0,1,1,1,1,1,1,1,1,1,1,1,1,1,1,1,1
"AU","Australia",2005,1,1,0,1,1,1,1,1,1,1,1,1,1,1,1,1,1,1,1
"AU","Australia",2006,1,1,0,1,1,1,1,1,1,1,1,1,1,1,1,1,1,1,1
"AU","Australia",2007,1,1,0,1,1,1,1,1,1,1,1,1,1,1,1,1,1,1,1
"AU","Australia",2008,1,1,1,1,1,1,1,1,1,1,1,1,1,1,1,1,1,1,1
"AU","Australia",2009,1,1,1,1,1,1,1,1,1,1,1,1,1,1,1,1,1,1,1
"AU","Australia",2010,1,1,1,1,1,1,1,1,0,1,1,1,1,1,1,1,1,1,1
"AU","Australia",2011,1,1,1,1,1,1,0,1,0,1,0,1,1,1,1,1,1,1,1
"AT","Austria",1998,0,0,0,0,0,0,0,0,0,0,0,0,0,0,1,1,0,1,0
"AT","Austria",1999,0,0,0,1,0,0,1,0,1,0,0,1,1,0,1,1,1,1,0
"AT","Austria",2000,1,1,0,1,1,1,1,1,1,1,1,1,1,1,1,1,1,1,0
"AT","Austria",2001,1,1,0,1,1,1,1,1,1,1,1,1,1,1,0,1,1,1,1
"AT","Austria",2002,1,1,0,1,1,1,1,1,1,1,1,1,1,1,1,1,1,1,1
"AT","Austria",2003,1,1,0,1,1,1,1,1,1,1,1,1,1,1,1,1,1,1,1
"AT","Austria",2004,1,1,0,1,1,1,1,1,1,1,1,1,1,1,1,1,1,1,1
"AT","Austria",2005,1,1,0,1,1,1,1,1,1,1,1,1,1,1,1,1,1,1,1
"AT","Austria",2006,1,1,0,1,1,1,1,1,1,1,1,1,1,1,1,1,1,1,1
"AT","Austria",2007,1,1,0,1,1,1,1,1,1,1,1,1,1,1,1,1,1,1,1
"AT","Austria",2008,1,1,0,1,1,1,1,1,1,1,1,1,1,1,1,1,1,1,1
"AT","Austria",2009,1,1,0,1,1,1,1,1,1,1,1,1,1,1,1,1,1,1,1
"AT","Austria",2010,1,1,0,1,1,1,1,1,0,1,1,1,1,1,1,1,1,1,1
"AT","Austria",2011,1,1,0,1,1,1,1,1,0,1,0,1,1,1,1,1,1,1,1
"BS","Bahamas, The",1998,1,1,1,1,1,1,0,1,0,1,0,1,1,1,0,0,1,0,0
"BS","Bahamas, The",1999,1,1,1,1,1,1,0,1,0,1,0,1,1,1,0,0,1,0,0
"BS","Bahamas, The",2000,1,1,1,1,1,1,0,1,0,1,0,1,1,1,0,0,1,0,0
"BS","Bahamas, The",2001,1,1,1,1,1,1,0,1,0,1,0,1,1,1,0,0,1,0,0
"BS","Bahamas, The",2002,1,1,1,1,1,1,0,1,0,1,0,1,1,1,0,0,1,0,0
"BS","Bahamas, The",2003,1,1,1,1,1,1,0,1,0,1,0,1,1,1,0,0,1,0,0
"BS","Bahamas, The",2004,1,1,1,1,1,1,0,1,1,1,0,1,1,1,0,0,1,0,0
"BS","Bahamas, The",2005,1,1,1,1,1,1,0,1,0,1,0,1,1,1,0,0,1,0,0
"BS","Bahamas, The",2006,1,1,1,1,1,1,0,1,1,1,0,1,1,1,0,0,1,0,0
"BS","Bahamas, The",2007,1,1,1,1,1,1,0,1,1,1,0,1,1,1,0,0,1,0,0
"BS","Bahamas, The",2008,1,1,1,1,1,1,0,1,1,1,0,1,1,1,0,0,1,0,0
"BS","Bahamas, The",2009,1,1,1,1,1,1,0,1,0,1,0,1,1,1,0,0,1,0,0
"BS","Bahamas, The",2010,1,1,1,1,1,1,0,1,0,1,0,1,1,1,0,0,1,0,0
"BS","Bahamas, The",2011,1,1,1,1,1,1,0,1,0,1,0,1,1,1,0,0,1,0,0
"BE","Belgium",1998,0,0,0,0,0,1,0,0,0,0,0,0,0,0,1,1,0,1,1
"BE","Belgium",1999,0,0,0,1,0,1,0,0,1,0,0,1,1,0,1,1,1,1,1
"BE","Belgium",2000,1,1,0,1,1,1,1,1,1,1,1,1,1,1,1,1,1,1,1
"BE","Belgium",2001,1,1,0,1,1,1,1,1,1,1,1,1,1,1,1,1,1,1,1
"BE","Belgium",2002,1,1,0,1,1,1,1,1,1,1,1,1,1,1,1,1,1,1,1
"BE","Belgium",2003,1,1,0,1,1,1,1,1,1,1,1,1,1,1,1,1,1,1,1
"BE","Belgium",2004,1,1,0,1,1,1,1,1,1,1,1,1,1,1,1,1,1,1,1
"BE","Belgium",2005,1,1,0,1,1,1,1,1,1,1,1,1,1,1,1,1,1,1,1
"BE","Belgium",2006,1,1,0,1,1,1,1,1,1,1,1,1,1,1,1,1,1,1,1
"BE","Belgium",2007,1,1,0,1,1,1,1,1,1,1,1,1,1,1,1,1,1,1,1
"BE","Belgium",2008,1,1,0,1,1,1,1,1,1,1,1,1,1,1,1,1,1,1,1
"BE","Belgium",2009,1,1,0,1,1,1,1,1,1,1,1,1,1,1,1,1,1,1,1
"BE","Belgium",2010,1,1,0,1,1,1,1,1,1,1,1,1,1,1,1,1,1,1,1
"BE","Belgium",2011,1,1,0,1,1,1,1,1,1,1,0,1,1,1,1,1,1,1,1
"BA","Bosnia and Herzegovina",1998,0,0,0,0,0,0,0,0,0,0,0,1,1,0,0,0,0,0,0
"BA","Bosnia and Herzegovina",1999,0,0,0,0,0,0,0,0,0,0,0,1,1,0,0,0,1,0,0
"BA","Bosnia and Herzegovina",2000,0,0,0,0,0,0,0,0,0,0,0,1,1,0,1,0,1,1,1
"BA","Bosnia and Herzegovina",2001,0,0,0,0,0,0,0,0,0,0,0,1,1,0,1,1,1,1,0
"BA","Bosnia and Herzegovina",2002,0,0,0,1,0,0,0,0,0,0,0,1,1,0,1,1,1,1,0
"BA","Bosnia and Herzegovina",2003,0,0,0,1,0,0,0,0,0,0,0,1,1,0,1,1,1,1,1
"BA","Bosnia and Herzegovina",2004,0,0,0,1,0,0,0,0,0,0,0,1,1,0,1,1,1,1,1
"BA","Bosnia and Herzegovina",2005,0,0,0,1,0,0,0,0,0,0,0,1,1,0,1,1,1,1,1
"BA","Bosnia and Herzegovina",2006,0,0,0,1,0,0,0,0,0,0,0,1,1,0,1,1,1,1,0
"BA","Bosnia and Herzegovina",2007,1,1,1,1,1,1,1,1,1,1,0,1,1,1,1,1,1,1,0
"BA","Bosnia and Herzegovina",2008,1,1,1,1,1,1,1,1,1,1,0,1,1,1,1,1,1,1,1
"BA","Bosnia and Herzegovina",2009,1,1,0,1,1,1,1,1,1,1,0,1,1,1,1,1,1,1,1
"BA","Bosnia and Herzegovina",2010,1,1,0,1,1,1,1,1,1,1,0,1,1,1,1,1,1,1,1
"BA","Bosnia and Herzegovina",2011,1,1,1,1,1,1,1,1,1,1,0,1,1,1,1,1,1,1,1
"BR","Brazil",1998,1,1,1,1,1,1,0,1,0,1,0,1,1,1,1,1,1,1,1
"BR","Brazil",1999,1,1,1,1,1,1,0,1,0,1,0,1,1,1,1,1,1,1,1
"BR","Brazil",2000,1,1,1,1,1,1,1,1,1,1,1,1,1,1,1,1,1,1,1
"BR","Brazil",2001,1,1,1,1,1,1,1,1,1,1,1,1,1,1,1,1,1,1,1
"BR","Brazil",2002,1,1,1,1,1,1,1,1,1,1,1,1,1,1,1,1,1,1,1
"BR","Brazil",2003,1,1,1,1,1,1,1,1,1,1,1,1,1,1,1,1,1,1,1
"BR","Brazil",2004,1,1,1,1,1,1,1,1,1,1,1,1,1,1,1,1,1,1,1
"BR","Brazil",2005,1,1,1,1,1,1,1,1,1,1,1,1,1,1,1,1,1,1,1
"BR","Brazil",2006,1,1,1,1,1,1,1,1,1,1,1,1,1,1,1,1,1,1,1
"BR","Brazil",2007,1,1,1,1,1,1,1,1,1,1,1,1,1,1,1,1,1,1,1
"BR","Brazil",2008,1,1,1,1,1,1,1,1,1,1,1,1,1,1,1,1,1,1,1
"BR","Brazil",2009,1,1,1,1,1,1,1,1,1,1,1,1,1,1,1,1,1,1,1
"BR","Brazil",2010,1,1,1,1,1,1,1,1,1,1,1,1,1,1,1,1,1,1,1
"BR","Brazil",2011,1,1,1,1,1,1,1,1,1,1,1,1,1,1,1,1,1,1,1
"BG","Bulgaria",1998,1,1,0,1,1,1,0,1,0,1,0,1,1,1,0,1,1,1,1
"BG","Bulgaria",1999,1,1,0,1,1,1,1,1,1,1,0,1,1,1,1,1,1,1,1
"BG","Bulgaria",2000,1,1,0,1,1,1,1,1,1,1,1,1,1,1,1,1,1,1,1
"BG","Bulgaria",2001,1,1,0,1,1,1,1,1,1,1,1,1,1,1,1,1,1,1,1
"BG","Bulgaria",2002,1,1,0,1,1,1,1,1,1,1,1,1,1,1,1,1,1,1,1
"BG","Bulgaria",2003,1,1,0,1,1,1,1,1,1,1,1,1,1,1,1,1,1,1,1
"BG","Bulgaria",2004,1,1,0,1,1,1,1,1,1,1,1,1,1,1,1,1,1,1,1
"BG","Bulgaria",2005,1,1,0,1,1,1,1,1,1,1,1,1,1,1,1,1,1,1,1
"BG","Bulgaria",2006,1,1,0,1,1,1,1,1,1,1,1,1,1,1,1,1,1,1,1
"BG","Bulgaria",2007,1,1,0,1,1,1,1,1,1,1,1,1,1,1,1,1,1,1,1
"BG","Bulgaria",2008,1,1,0,1,1,1,1,1,1,1,1,1,1,1,1,1,1,1,1
"BG","Bulgaria",2009,0,0,0,0,1,0,1,1,1,0,1,1,1,1,1,1,0,1,1
"BG","Bulgaria",2010,0,0,0,0,1,0,1,1,1,0,1,1,1,1,1,1,0,1,1
"BG","Bulgaria",2011,0,0,0,0,1,0,1,1,0,0,0,1,1,1,1,1,0,1,1
"CA","Canada",1998,1,1,1,1,1,1,1,1,1,1,0,1,1,1,1,1,1,1,1
"CA","Canada",1999,1,1,1,1,1,1,1,1,1,1,0,1,1,1,1,1,1,1,1
"CA","Canada",2000,1,1,1,1,1,1,1,1,1,1,1,1,1,1,1,1,1,1,1
"CA","Canada",2001,1,1,0,1,1,1,1,1,1,1,1,1,1,1,1,1,1,1,1
"CA","Canada",2002,1,1,0,1,1,1,1,1,1,1,1,1,1,1,1,1,1,1,1
"CA","Canada",2003,1,1,0,1,1,1,1,1,1,1,1,1,1,1,1,1,1,1,1
"CA","Canada",2004,1,1,0,1,1,1,1,1,1,1,1,1,1,1,1,1,1,1,1
"CA","Canada",2005,1,1,0,1,1,1,1,1,1,1,1,1,1,1,1,1,1,1,1
"CA","Canada",2006,1,1,0,1,1,1,1,1,1,1,1,1,1,1,1,1,1,1,1
"CA","Canada",2007,1,1,0,1,1,1,1,1,1,1,1,1,1,1,1,1,1,1,1
"CA","Canada",2008,1,1,0,1,1,1,1,1,1,1,1,1,1,1,1,1,1,1,1
"CA","Canada",2009,0,0,0,0,0,1,1,0,1,0,1,0,0,0,1,1,0,1,1
"CA","Canada",2010,0,0,0,0,0,1,1,0,1,0,1,0,0,0,1,1,0,1,1
"CA","Canada",2011,0,0,0,0,0,1,1,0,0,0,0,0,0,0,1,1,0,1,1
"KY","Cayman Islands",1998,0,0,0,0,0,0,0,0,0,0,0,0,0,0,0,0,0,0,0
"KY","Cayman Islands",1999,0,0,0,0,0,0,0,0,0,0,0,0,0,0,0,0,0,0,0
"KY","Cayman Islands",2000,0,0,0,0,0,0,0,0,0,0,0,0,0,0,0,0,0,0,0
"KY","Cayman Islands",2001,0,0,0,0,0,0,0,0,0,0,0,0,0,0,0,0,0,0,0
"KY","Cayman Islands",2002,0,0,0,0,0,0,0,0,0,0,0,0,0,0,0,0,0,0,0
"KY","Cayman Islands",2003,0,0,0,0,0,0,0,0,0,0,0,0,0,0,0,0,0,0,0
"KY","Cayman Islands",2004,0,0,0,0,0,0,0,0,0,0,0,0,0,0,0,0,0,0,0
"KY","Cayman Islands",2005,0,0,0,0,0,0,0,0,0,0,0,0,0,0,0,0,0,0,0
"KY","Cayman Islands",2006,0,0,0,0,0,0,0,0,0,0,0,0,0,0,0,0,0,0,0
"KY","Cayman Islands",2007,0,0,0,0,0,0,0,0,0,0,0,0,0,0,0,0,0,0,0
"KY","Cayman Islands",2008,0,0,0,0,0,0,0,0,0,0,0,0,0,0,0,0,0,0,0
"KY","Cayman Islands",2009,0,0,0,0,0,0,0,0,0,0,0,0,0,0,0,0,0,0,0
"KY","Cayman Islands",2010,0,0,0,0,0,0,0,0,0,0,0,0,0,0,0,0,0,0,0
"KY","Cayman Islands",2011,0,0,0,0,0,0,0,0,0,0,0,0,0,0,0,0,0,0,0
"CL","Chile",1998,0,0,0,1,0,0,1,0,0,0,1,1,1,0,1,1,1,1,1
"CL","Chile",1999,0,0,0,1,0,0,1,0,1,0,1,1,1,0,1,1,1,1,1
"CL","Chile",2000,0,0,0,1,0,0,1,0,1,0,1,1,1,0,1,1,1,1,1
"CL","Chile",2001,0,0,0,1,0,0,1,0,1,0,1,1,1,0,1,1,1,1,1
"CL","Chile",2002,0,0,0,1,0,0,1,0,1,0,1,1,1,0,1,1,1,1,1
"CL","Chile",2003,0,0,0,1,0,0,1,0,1,0,1,1,1,0,1,1,1,1,1
"CL","Chile",2004,0,0,0,1,0,0,1,0,1,0,1,1,1,0,1,1,1,1,1
"CL","Chile",2005,0,0,0,1,0,0,1,0,1,0,1,1,1,0,1,1,1,1,1
"CL","Chile",2006,0,0,0,1,0,0,1,0,1,0,1,1,1,0,1,1,1,1,1
"CL","Chile",2007,0,0,0,1,0,0,1,0,1,0,1,1,1,0,1,1,1,1,1
"CL","Chile",2008,0,0,0,1,0,0,1,0,1,0,1,1,1,0,1,1,1,1,1
"CL","Chile",2009,0,0,0,1,0,0,1,0,1,0,1,1,1,0,1,1,1,1,1
"CL","Chile",2010,1,1,1,1,1,1,1,1,1,1,1,1,1,1,1,1,1,1,1
"CL","Chile",2011,1,1,1,1,1,1,1,1,0,1,1,1,1,1,1,1,1,1,1
"CN","China",1998,1,1,0,1,1,1,0,1,0,1,0,1,1,1,0,0,1,0,0
"CN","China",1999,1,1,0,1,1,1,0,1,0,1,0,1,1,1,0,1,1,1,0
"CN","China",2000,1,1,0,1,1,1,0,1,0,1,0,1,1,1,1,0,1,0,0
"CN","China",2001,1,1,0,1,1,1,0,1,0,1,0,1,1,1,1,0,1,0,0
"CN","China",2002,1,1,0,1,1,1,0,1,0,1,0,1,1,1,1,0,1,0,0
"CN","China",2003,1,1,0,1,1,1,0,1,0,1,0,1,1,1,1,1,1,0,1
"CN","China",2004,1,1,0,1,1,1,0,1,1,1,0,1,1,1,1,1,1,0,1
"CN","China",2005,1,1,0,1,1,1,0,1,1,1,0,1,1,1,1,1,1,1,1
"CN","China",2006,1,1,0,1,1,1,0,1,1,1,0,1,1,1,1,1,1,1,1
"CN","China",2007,1,1,0,1,1,1,1,1,1,1,0,1,1,1,1,1,1,1,1
"CN","China",2008,1,1,0,1,1,1,1,1,1,1,1,1,1,1,1,1,1,1,1
"CN","China",2009,1,1,0,1,1,1,1,1,1,1,1,1,1,1,1,1,1,1,1
"CN","China",2010,1,1,0,1,1,1,1,1,0,1,1,1,1,1,1,1,1,1,1
"CN","China",2011,1,1,0,1,1,1,1,1,0,1,0,1,1,1,1,1,1,1,1
"CO","Colombia",1998,1,1,1,1,1,1,0,1,0,1,1,1,1,1,1,1,1,1,1
"CO","Colombia",1999,1,1,1,1,1,1,0,1,1,1,1,1,1,1,1,1,1,1,1
"CO","Colombia",2000,1,1,1,1,1,1,0,1,1,1,1,1,1,1,1,0,1,1,1
"CO","Colombia",2001,1,1,1,1,1,1,0,1,1,1,1,1,1,1,1,1,1,1,1
"CO","Colombia",2002,1,1,1,1,1,1,0,1,1,1,1,1,1,1,1,1,1,1,1
"CO","Colombia",2003,1,1,1,1,1,1,0,1,1,1,1,1,1,1,1,1,1,1,1
"CO","Colombia",2004,1,1,1,1,1,1,0,1,1,1,1,1,1,1,1,1,1,1,1
"CO","Colombia",2005,1,1,1,1,1,1,1,1,1,1,1,1,1,1,1,1,1,1,1
"CO","Colombia",2006,1,1,1,1,1,1,1,1,1,1,1,1,1,1,1,1,1,1,1
"CO","Colombia",2007,1,1,1,1,1,1,1,1,1,1,1,1,1,1,1,1,1,1,1
"CO","Colombia",2008,1,1,1,1,1,1,1,1,1,1,1,1,1,1,1,1,1,1,1
"CO","Colombia",2009,1,1,1,1,1,1,1,1,1,1,1,1,1,1,1,1,1,1,1
"CO","Colombia",2010,1,1,1,1,1,1,1,1,1,1,1,1,1,1,1,1,1,1,1
"CO","Colombia",2011,1,1,1,1,1,1,1,1,1,1,1,1,1,1,1,1,1,1,1
"HR","Croatia",1998,1,1,0,1,1,1,0,1,0,1,0,1,1,1,1,1,1,1,1
"HR","Croatia",1999,1,1,0,1,1,1,0,1,0,1,0,1,1,1,1,1,1,1,1
"HR","Croatia",2000,1,1,0,1,1,1,1,1,1,1,0,1,1,1,1,1,1,1,1
"HR","Croatia",2001,1,1,0,1,1,1,1,1,1,1,0,1,1,1,1,1,1,1,1
"HR","Croatia",2002,1,1,0,1,1,1,1,1,1,1,1,1,1,1,1,1,1,1,1
"HR","Croatia",2003,1,1,0,1,1,1,1,1,1,1,1,1,1,1,1,1,1,1,1
"HR","Croatia",2004,1,1,0,1,1,1,1,1,1,1,1,1,1,1,1,1,1,1,1
"HR","Croatia",2005,1,1,0,1,1,1,1,1,1,1,1,1,1,1,1,1,1,1,1
"HR","Croatia",2006,1,1,0,1,1,1,1,1,1,1,1,1,1,1,1,1,1,1,1
"HR","Croatia",2007,1,1,0,1,1,1,1,1,1,1,1,1,1,1,1,1,1,1,1
"HR","Croatia",2008,1,1,0,1,1,1,1,1,1,1,1,1,1,1,1,1,1,1,1
"HR","Croatia",2009,1,1,0,1,1,1,1,1,1,1,1,1,1,1,1,1,1,1,1
"HR","Croatia",2010,1,1,0,1,1,1,1,1,1,1,1,1,1,1,1,1,1,1,1
"HR","Croatia",2011,1,1,0,1,1,1,1,1,1,1,1,1,1,1,1,1,1,1,1
"CZ","Czech Republic",1998,1,1,0,1,1,1,1,1,0,1,0,1,1,1,1,0,1,1,1
"CZ","Czech Republic",1999,1,1,0,1,1,1,1,1,0,1,0,1,1,1,1,1,1,1,1
"CZ","Czech Republic",2000,1,1,0,1,1,1,1,1,0,1,1,1,1,1,1,1,1,1,1
"CZ","Czech Republic",2001,1,1,0,1,1,1,1,1,0,1,1,1,1,1,1,1,1,1,1
"CZ","Czech Republic",2002,1,1,0,1,1,1,1,1,1,1,1,1,1,1,1,1,1,1,1
"CZ","Czech Republic",2003,1,1,0,1,1,1,1,1,1,1,1,1,1,1,1,1,1,1,1
"CZ","Czech Republic",2004,1,1,0,1,1,1,1,1,1,1,1,1,1,1,1,1,1,1,1
"CZ","Czech Republic",2005,1,1,0,1,1,1,1,1,1,1,1,1,1,1,1,1,1,1,1
"CZ","Czech Republic",2006,1,1,0,1,1,1,1,1,1,1,1,1,1,1,1,1,1,1,1
"CZ","Czech Republic",2007,1,1,0,1,1,1,1,1,1,1,1,1,1,1,1,1,1,1,1
"CZ","Czech Republic",2008,1,1,0,1,1,1,1,1,1,1,1,1,1,1,1,1,1,1,1
"CZ","Czech Republic",2009,0,0,0,0,1,0,1,1,1,0,1,1,1,1,1,1,0,1,1
"CZ","Czech Republic",2010,0,0,0,0,1,0,1,1,1,0,1,1,1,1,1,1,0,1,1
"CZ","Czech Republic",2011,0,0,0,0,1,0,1,1,1,0,1,1,1,1,1,1,0,1,1
"DK","Denmark",1998,1,1,0,1,1,1,0,1,1,1,0,1,1,1,1,1,1,1,0
"DK","Denmark",1999,1,1,0,1,1,1,0,1,1,1,0,1,1,1,1,1,1,1,0
"DK","Denmark",2000,1,1,0,1,1,1,1,1,1,1,1,1,1,1,0,0,1,0,0
"DK","Denmark",2001,1,1,0,1,1,1,1,1,1,1,1,1,1,1,1,1,1,0,1
"DK","Denmark",2002,1,1,0,1,1,1,1,1,1,1,1,1,1,1,1,1,1,1,1
"DK","Denmark",2003,1,1,0,1,1,1,1,1,1,1,1,1,1,1,1,1,1,1,1
"DK","Denmark",2004,1,1,0,1,1,1,1,1,1,1,1,1,1,1,1,1,1,1,1
"DK","Denmark",2005,1,1,0,1,1,1,1,1,1,1,1,1,1,1,1,1,1,1,1
"DK","Denmark",2006,1,1,0,1,1,1,1,1,1,1,1,1,1,1,0,1,1,0,0
"DK","Denmark",2007,1,1,0,1,1,1,1,1,1,1,1,1,1,1,1,1,1,1,1
"DK","Denmark",2008,1,1,0,1,1,1,1,1,1,1,1,1,1,1,1,1,1,1,1
"DK","Denmark",2009,0,0,0,1,1,1,1,1,1,0,1,1,1,1,1,1,0,1,1
"DK","Denmark",2010,0,0,0,1,1,1,1,1,1,0,1,1,1,1,1,1,0,1,1
"DK","Denmark",2011,0,0,0,1,1,1,1,1,1,0,0,1,1,1,1,1,0,1,1
"EE","Estonia",1998,1,1,0,1,0,1,0,1,1,1,0,1,1,1,1,1,1,1,0
"EE","Estonia",1999,1,1,0,1,0,1,0,1,1,1,0,1,1,1,1,1,1,1,0
"EE","Estonia",2000,1,1,0,1,0,1,0,1,1,1,1,1,1,1,1,1,1,1,0
"EE","Estonia",2001,1,1,0,1,0,1,0,1,1,1,1,1,1,1,1,1,1,1,1
"EE","Estonia",2002,1,1,0,1,0,1,0,1,1,1,1,1,1,1,1,1,1,1,1
"EE","Estonia",2003,1,1,0,1,0,1,0,1,1,1,1,1,1,1,1,1,1,1,1
"EE","Estonia",2004,1,1,0,1,0,1,1,1,1,1,1,1,1,1,1,1,1,1,1
"EE","Estonia",2005,1,1,0,1,0,1,1,1,1,1,1,1,1,1,1,1,1,1,1
"EE","Estonia",2006,1,1,0,1,0,1,1,1,1,1,1,1,1,1,1,1,1,1,1
"EE","Estonia",2007,1,1,0,1,0,1,1,1,1,1,1,1,1,1,1,1,1,1,1
"EE","Estonia",2008,1,1,0,1,0,1,1,1,1,1,1,1,1,1,1,1,1,1,1
"EE","Estonia",2009,1,1,0,1,0,1,1,1,1,1,1,1,1,1,1,1,1,1,1
"EE","Estonia",2010,1,1,0,1,0,1,1,1,0,1,1,1,1,1,1,1,1,1,1
"EE","Estonia",2011,1,1,0,1,0,1,1,1,0,1,0,1,1,1,1,1,1,1,1
"FI","Finland",1998,1,1,0,1,1,1,0,1,0,1,0,1,1,1,1,1,1,1,0
"FI","Finland",1999,1,1,0,1,1,1,0,1,1,1,0,1,1,1,1,1,1,1,0
"FI","Finland",2000,1,1,0,1,1,1,1,1,1,1,0,1,1,1,1,1,1,1,0
"FI","Finland",2001,1,1,0,1,1,1,1,1,1,1,1,1,1,1,1,1,1,1,1
"FI","Finland",2002,1,1,0,1,1,1,1,1,1,1,1,1,1,1,1,1,1,1,1
"FI","Finland",2003,1,1,0,1,1,1,1,1,1,1,1,1,1,1,1,1,1,1,1
"FI","Finland",2004,1,1,0,1,1,1,1,1,1,1,1,1,1,1,1,1,1,1,1
"FI","Finland",2005,1,1,0,1,1,1,1,1,1,1,1,1,1,1,1,1,1,1,0
"FI","Finland",2006,1,1,0,1,1,1,1,1,1,1,1,1,1,1,1,1,1,1,0
"FI","Finland",2007,1,1,0,1,1,1,1,1,1,1,1,1,1,1,1,1,1,1,0
"FI","Finland",2008,1,1,0,1,1,1,1,1,1,1,1,1,1,1,1,1,1,1,0
"FI","Finland",2009,1,1,0,1,1,1,1,1,1,1,1,1,1,1,1,1,1,1,0
"FI","Finland",2010,1,1,0,1,1,1,1,1,1,1,1,1,1,1,1,1,1,1,0
"FI","Finland",2011,1,1,0,1,1,1,1,1,0,1,0,1,1,1,1,1,1,1,0
"FR","France",1998,0,0,0,0,1,1,0,0,0,0,0,0,0,0,1,1,0,0,1
"FR","France",1999,0,0,0,1,1,1,0,0,1,0,0,1,1,0,1,1,1,1,1
"FR","France",2000,1,1,0,1,1,1,1,1,1,1,0,1,1,1,1,1,1,1,1
"FR","France",2001,1,1,0,1,1,1,1,1,1,1,0,1,1,1,1,1,1,1,1
"FR","France",2002,1,1,0,1,1,1,1,1,1,1,0,1,1,1,1,1,1,1,1
"FR","France",2003,1,1,0,1,1,1,1,1,1,1,1,1,1,1,1,1,1,1,1
"FR","France",2004,1,1,0,1,1,1,1,1,1,1,1,1,1,1,1,1,1,1,1
"FR","France",2005,1,1,0,1,1,1,1,1,1,1,1,1,1,1,1,1,1,1,0
"FR","France",2006,1,1,0,1,1,1,1,1,1,1,1,1,1,1,1,1,1,1,0
"FR","France",2007,1,1,0,1,1,1,1,1,1,1,1,1,1,1,1,1,1,1,0
"FR","France",2008,1,1,0,1,1,1,1,1,1,1,1,1,1,1,1,1,1,1,1
"FR","France",2009,1,1,0,1,1,1,1,1,1,1,1,1,1,1,1,1,1,1,1
"FR","France",2010,1,1,0,1,1,1,1,1,1,1,1,1,1,1,1,1,1,1,1
"FR","France",2011,1,1,0,1,1,1,1,1,0,1,0,1,1,1,1,1,1,1,1
"DE","Germany",1998,1,1,0,1,1,1,0,1,0,1,0,1,1,1,1,1,1,1,1
"DE","Germany",1999,1,1,0,1,1,1,0,1,1,1,0,1,1,1,1,1,1,1,1
"DE","Germany",2000,1,1,0,1,1,1,1,1,1,1,1,1,1,1,1,1,1,1,0
"DE","Germany",2001,1,1,0,1,1,1,1,1,1,1,1,1,1,1,1,1,1,1,0
"DE","Germany",2002,1,1,0,1,1,1,1,1,1,1,1,1,1,1,1,1,1,1,0
"DE","Germany",2003,1,1,0,1,1,1,1,1,1,1,1,1,1,1,1,1,1,1,0
"DE","Germany",2004,1,1,0,1,1,1,1,1,1,1,1,1,1,1,1,1,1,1,0
"DE","Germany",2005,1,1,0,1,1,1,1,1,1,1,1,1,1,1,1,1,1,1,1
"DE","Germany",2006,1,1,0,1,1,1,1,1,1,1,1,1,1,1,1,1,1,1,1
"DE","Germany",2007,1,1,0,1,1,1,1,1,1,1,1,1,1,1,1,1,1,1,1
"DE","Germany",2008,1,1,0,1,1,1,1,1,1,1,1,1,1,1,1,1,1,1,1
"DE","Germany",2009,1,1,0,1,1,1,1,1,1,1,1,1,1,1,1,1,1,1,1
"DE","Germany",2010,1,1,0,1,1,1,1,1,1,1,1,1,1,1,1,1,1,1,0
"DE","Germany",2011,1,1,0,1,1,1,1,1,1,1,0,1,1,1,0,1,1,1,0
"GR","Greece",1998,1,1,0,1,1,1,0,1,0,1,0,1,1,1,1,0,1,1,1
"GR","Greece",1999,1,1,0,1,1,1,0,1,0,1,0,1,1,1,1,1,1,1,1
"GR","Greece",2000,1,1,0,1,1,1,1,1,0,1,0,1,1,1,1,1,1,1,1
"GR","Greece",2001,1,1,0,1,1,1,1,1,1,1,0,1,1,1,1,1,1,1,1
"GR","Greece",2002,1,1,0,1,1,1,1,1,1,1,0,1,1,1,1,1,1,1,1
"GR","Greece",2003,1,1,0,1,1,1,1,1,1,1,0,1,1,1,1,1,1,1,1
"GR","Greece",2004,1,1,0,1,1,1,1,1,1,1,0,1,1,1,1,1,1,1,1
"GR","Greece",2005,1,1,0,1,1,1,1,1,1,1,0,1,1,1,1,1,1,1,1
"GR","Greece",2006,1,1,0,1,1,1,1,1,1,1,0,1,1,1,1,1,1,1,1
"GR","Greece",2007,1,1,0,1,1,1,1,1,1,1,1,1,1,1,1,1,1,1,1
"GR","Greece",2008,1,1,0,1,1,1,1,1,1,1,1,1,1,1,1,1,1,1,1
"GR","Greece",2009,1,1,0,1,1,1,1,1,1,1,1,1,1,1,1,1,1,1,1
"GR","Greece",2010,1,1,0,1,1,1,1,1,1,1,1,1,1,1,1,1,1,1,1
"GR","Greece",2011,1,1,0,1,1,1,1,1,1,1,0,1,1,1,1,1,1,1,1
"HK","Hong Kong SAR, China",1998,1,1,0,0,1,0,0,1,0,1,0,1,1,1,1,1,1,1,0
"HK","Hong Kong SAR, China",1999,1,1,0,0,1,0,0,1,0,1,0,1,1,1,1,1,1,1,0
"HK","Hong Kong SAR, China",2000,1,1,0,0,1,0,1,1,0,1,0,1,1,1,1,1,1,1,0
"HK","Hong Kong SAR, China",2001,1,1,0,0,1,0,1,1,1,1,1,1,1,1,1,1,1,1,0
"HK","Hong Kong SAR, China",2002,1,1,0,0,1,0,1,1,1,1,1,1,1,1,1,1,1,1,0
"HK","Hong Kong SAR, China",2003,1,1,0,0,1,0,1,1,1,1,1,1,1,1,1,1,1,1,0
"HK","Hong Kong SAR, China",2004,1,1,0,0,1,0,1,1,1,1,1,1,1,1,1,1,1,1,1
"HK","Hong Kong SAR, China",2005,1,1,0,0,1,0,1,1,1,1,1,1,1,1,1,1,1,1,1
"HK","Hong Kong SAR, China",2006,1,1,0,0,1,0,1,1,1,1,1,1,1,1,1,1,1,1,1
"HK","Hong Kong SAR, China",2007,1,1,0,0,1,0,1,1,1,1,1,1,1,1,1,1,1,1,1
"HK","Hong Kong SAR, China",2008,1,1,0,0,1,0,1,1,1,1,1,1,1,1,1,1,1,1,1
"HK","Hong Kong SAR, China",2009,1,1,0,0,1,0,1,1,1,1,1,1,1,1,1,1,1,1,1
"HK","Hong Kong SAR, China",2010,1,1,0,0,1,0,1,1,0,1,1,1,1,1,1,1,1,1,1
"HK","Hong Kong SAR, China",2011,1,1,0,0,1,0,1,1,0,1,1,1,1,1,1,1,1,1,0
"HU","Hungary",1998,1,1,0,1,1,1,1,1,1,1,1,1,1,1,1,1,1,1,1
"HU","Hungary",1999,1,1,0,1,1,1,1,1,1,1,1,1,1,1,1,1,1,1,1
"HU","Hungary",2000,1,1,0,1,1,1,1,1,1,1,1,1,1,1,1,1,1,1,1
"HU","Hungary",2001,1,1,0,1,1,1,1,1,1,1,1,1,1,1,1,1,1,1,1
"HU","Hungary",2002,1,1,0,1,1,1,1,1,1,1,1,1,1,1,1,1,1,1,1
"HU","Hungary",2003,1,1,0,1,1,1,1,1,1,1,1,1,1,1,1,1,1,1,1
"HU","Hungary",2004,1,1,0,1,1,1,1,1,1,1,1,1,1,1,1,1,1,1,1
"HU","Hungary",2005,1,1,0,1,1,1,1,1,1,1,1,1,1,1,1,1,1,1,1
"HU","Hungary",2006,1,1,0,1,1,1,1,1,1,1,1,1,1,1,1,0,1,1,1
"HU","Hungary",2007,1,1,0,1,1,1,1,1,1,1,1,1,1,1,1,0,1,1,1
"HU","Hungary",2008,1,1,0,1,1,1,1,1,1,1,1,1,1,1,1,1,1,1,1
"HU","Hungary",2009,0,0,0,1,1,1,1,1,1,0,1,1,1,1,1,1,0,1,1
"HU","Hungary",2010,0,0,0,1,1,1,1,1,1,0,1,1,1,1,1,1,0,1,1
"HU","Hungary",2011,0,0,0,1,1,1,1,1,1,0,1,1,1,1,1,1,0,1,1
"IS","Iceland",1998,1,1,0,1,1,1,1,1,0,1,0,1,1,1,1,1,1,1,1
"IS","Iceland",1999,1,1,0,1,1,1,1,1,0,1,0,1,1,1,1,1,1,1,1
"IS","Iceland",2000,1,1,0,1,1,1,1,1,0,1,0,1,1,1,1,1,1,1,1
"IS","Iceland",2001,1,1,0,1,1,1,1,1,1,1,1,1,1,1,1,0,1,1,1
"IS","Iceland",2002,1,1,0,1,1,1,1,1,1,1,1,1,1,1,1,1,1,1,1
"IS","Iceland",2003,1,1,0,1,1,1,1,1,1,1,1,1,1,1,1,1,1,1,1
"IS","Iceland",2004,1,1,0,1,1,1,1,1,1,1,1,1,1,1,1,1,1,1,1
"IS","Iceland",2005,1,1,0,1,1,1,1,1,1,1,1,1,1,1,1,1,1,1,1
"IS","Iceland",2006,1,1,0,1,1,1,1,1,1,1,1,1,1,1,1,1,1,1,0
"IS","Iceland",2007,1,1,0,1,1,1,1,1,1,1,1,1,1,1,0,1,1,1,0
"IS","Iceland",2008,1,1,0,1,1,1,1,1,1,1,1,1,1,1,0,0,1,0,0
"IS","Iceland",2009,1,1,0,1,1,1,1,1,1,1,1,1,1,1,1,1,1,1,0
"IS","Iceland",2010,1,1,0,1,1,1,1,1,1,1,1,1,1,1,1,1,1,1,0
"IS","Iceland",2011,1,1,0,1,1,1,0,1,1,1,0,1,1,1,1,0,1,1,0
"IN","India",1998,1,1,0,1,1,1,0,1,0,1,0,1,1,1,1,1,1,1,0
"IN","India",1999,1,1,0,1,1,1,0,1,0,1,0,1,1,1,1,1,1,1,0
"IN","India",2000,1,1,0,1,1,1,1,1,0,1,0,1,1,1,1,1,1,1,0
"IN","India",2001,1,1,0,1,1,1,1,1,0,1,0,1,1,1,1,1,1,1,0
"IN","India",2002,1,1,0,1,1,1,1,1,0,1,0,1,1,1,1,1,1,1,0
"IN","India",2003,1,1,0,1,1,1,1,1,0,1,0,1,1,1,1,1,1,1,1
"IN","India",2004,1,1,0,1,1,1,1,1,1,1,1,1,1,1,1,1,1,1,1
"IN","India",2005,1,1,0,1,1,1,1,1,1,1,1,1,1,1,1,1,1,1,1
"IN","India",2006,1,1,0,1,1,1,1,1,1,1,0,1,1,1,1,1,1,1,1
"IN","India",2007,1,1,0,1,1,1,1,1,1,1,0,1,1,1,1,1,1,1,1
"IN","India",2008,1,1,0,1,1,1,1,1,1,1,0,1,1,1,1,1,1,1,1
"IN","India",2009,1,1,0,1,1,1,1,1,1,1,0,1,1,1,1,1,1,1,1
"IN","India",2010,1,1,0,1,1,1,1,1,1,1,0,1,1,1,1,1,1,1,1
"IN","India",2011,1,1,0,1,1,1,1,1,0,1,0,1,1,1,1,1,1,1,1
"ID","Indonesia",1998,1,1,0,1,1,1,0,1,0,1,0,1,1,1,1,0,1,0,1
"ID","Indonesia",1999,1,1,0,1,1,1,0,1,0,1,0,1,1,1,1,0,1,0,1
"ID","Indonesia",2000,1,1,0,1,1,1,0,1,0,1,0,1,1,1,1,1,1,1,1
"ID","Indonesia",2001,1,1,0,1,1,1,0,1,1,1,0,1,1,1,1,1,1,1,0
"ID","Indonesia",2002,1,1,0,1,1,1,0,1,1,1,1,1,1,1,1,1,1,1,1
"ID","Indonesia",2003,1,1,0,1,1,1,0,1,1,1,1,1,1,1,1,1,1,1,1
"ID","Indonesia",2004,1,1,0,1,1,1,1,1,1,1,1,1,1,1,1,1,1,1,1
"ID","Indonesia",2005,1,1,0,1,1,1,0,1,1,1,1,1,1,1,1,1,1,1,1
"ID","Indonesia",2006,1,1,0,1,1,1,0,1,1,1,1,1,1,1,1,1,1,1,1
"ID","Indonesia",2007,1,1,0,1,1,1,0,1,1,1,1,1,1,1,1,1,1,1,1
"ID","Indonesia",2008,1,1,0,1,1,1,0,1,1,1,0,1,1,1,1,1,1,1,1
"ID","Indonesia",2009,1,1,0,1,1,1,0,1,1,1,0,1,1,1,1,1,1,1,1
"ID","Indonesia",2010,1,1,1,1,1,1,0,1,0,1,0,1,1,1,1,1,1,1,1
"ID","Indonesia",2011,1,1,1,1,1,1,0,1,0,1,0,1,1,1,1,1,1,1,1
"IE","Ireland",1998,1,1,0,1,1,1,0,1,0,1,0,1,1,1,1,1,1,1,1
"IE","Ireland",1999,1,1,0,1,1,1,0,1,0,1,0,1,1,1,1,1,1,1,1
"IE","Ireland",2000,1,1,0,1,1,1,1,1,0,1,0,1,1,1,1,1,1,1,1
"IE","Ireland",2001,1,1,0,1,1,1,1,1,0,1,1,1,1,1,1,1,1,1,1
"IE","Ireland",2002,1,1,0,0,1,0,1,1,1,1,1,1,1,1,1,1,1,1,1
"IE","Ireland",2003,1,1,0,1,1,0,1,1,1,1,1,1,1,1,1,1,1,1,1
"IE","Ireland",2004,1,1,0,1,1,1,1,1,1,1,1,1,1,1,1,1,1,1,1
"IE","Ireland",2005,1,1,0,1,1,1,1,1,1,1,1,1,1,1,1,1,1,1,1
"IE","Ireland",2006,1,1,0,1,1,1,1,1,1,1,1,1,1,1,1,1,1,1,1
"IE","Ireland",2007,1,1,0,1,1,1,1,1,1,1,1,1,1,1,1,1,1,1,1
"IE","Ireland",2008,1,1,0,1,1,1,1,1,1,1,1,1,1,1,1,1,1,1,1
"IE","Ireland",2009,1,1,0,1,1,1,1,1,1,1,1,1,1,1,1,1,1,1,1
"IE","Ireland",2010,1,1,0,1,1,1,1,1,0,1,1,1,1,1,1,1,1,1,1
"IE","Ireland",2011,1,1,0,1,1,1,1,1,0,1,0,1,1,1,1,1,1,1,1
"IL","Israel",1998,1,1,0,1,1,1,0,1,0,1,0,1,1,1,1,1,1,1,1
"IL","Israel",1999,1,1,0,1,1,1,0,1,0,1,0,1,1,1,1,1,1,1,1
"IL","Israel",2000,1,1,0,1,1,1,0,1,1,1,1,1,1,1,1,1,1,1,1
"IL","Israel",2001,1,1,0,1,1,1,0,1,1,1,1,1,1,1,0,1,1,1,0
"IL","Israel",2002,1,1,0,1,1,1,0,1,1,1,1,1,1,1,1,1,1,1,0
"IL","Israel",2003,1,1,0,1,1,1,1,1,1,1,1,1,1,1,1,1,1,1,0
"IL","Israel",2004,1,1,0,1,1,1,1,1,1,1,1,1,1,1,1,1,1,1,0
"IL","Israel",2005,1,1,0,1,1,1,1,1,1,1,1,1,1,1,1,1,1,1,0
"IL","Israel",2006,1,1,0,1,1,1,1,1,1,1,1,1,1,1,1,1,1,1,0
"IL","Israel",2007,1,1,0,1,1,1,1,1,1,1,1,1,1,1,1,1,1,1,0
"IL","Israel",2008,1,1,0,1,1,1,1,1,1,1,1,1,1,1,1,1,1,1,0
"IL","Israel",2009,1,1,0,1,1,1,1,1,1,1,1,1,1,1,1,1,1,1,0
"IL","Israel",2010,1,1,0,0,0,0,1,1,1,1,1,1,1,1,1,1,1,1,1
"IL","Israel",2011,1,1,0,0,0,0,0,1,1,1,0,1,1,1,1,1,1,1,1
"IT","Italy",1998,1,1,0,1,1,1,0,1,0,1,0,1,1,1,1,1,1,1,1
"IT","Italy",1999,1,1,0,1,1,1,0,1,1,1,0,1,1,1,1,1,1,1,1
"IT","Italy",2000,1,1,0,1,1,1,1,1,1,1,1,1,1,1,1,1,1,1,1
"IT","Italy",2001,1,1,0,1,1,1,1,1,1,1,1,1,1,1,1,1,1,1,0
"IT","Italy",2002,1,1,0,1,1,1,1,1,1,1,1,1,1,1,1,1,1,1,0
"IT","Italy",2003,1,1,0,1,1,1,1,1,1,1,1,1,1,1,1,1,1,1,0
"IT","Italy",2004,1,1,0,1,1,1,1,1,1,1,1,1,1,1,1,1,1,1,0
"IT","Italy",2005,1,1,0,1,1,1,1,1,1,1,1,1,1,1,1,1,1,1,1
"IT","Italy",2006,1,1,0,1,1,1,1,1,1,1,1,1,1,1,1,1,1,1,1
"IT","Italy",2007,1,1,0,1,1,1,1,1,1,1,1,1,1,1,1,1,1,1,1
"IT","Italy",2008,1,1,0,1,1,1,1,1,1,1,1,1,1,1,1,1,1,1,1
"IT","Italy",2009,1,1,0,1,1,1,1,1,1,1,1,1,1,1,1,1,1,1,1
"IT","Italy",2010,1,1,0,1,1,1,1,1,1,1,1,1,1,1,1,1,1,1,1
"IT","Italy",2011,1,1,0,1,1,1,1,1,0,1,0,1,1,1,1,1,1,1,0
"JP","Japan",1998,1,1,1,1,1,1,0,1,1,1,0,1,1,1,1,1,1,1,1
"JP","Japan",1999,1,1,1,1,1,1,0,1,1,1,0,1,1,1,1,1,1,1,1
"JP","Japan",2000,1,1,1,1,1,1,1,1,1,1,1,1,1,1,1,1,1,1,1
"JP","Japan",2001,1,1,1,1,1,1,1,1,1,1,1,1,1,1,1,1,1,1,1
"JP","Japan",2002,1,1,1,1,1,1,1,1,1,1,1,1,1,1,1,1,1,1,1
"JP","Japan",2003,1,1,1,1,1,1,1,1,1,1,1,1,1,1,1,1,1,1,1
"JP","Japan",2004,1,1,1,1,1,1,1,1,1,1,1,1,1,1,1,1,1,1,1
"JP","Japan",2005,1,1,1,1,1,1,1,1,1,1,1,1,1,1,1,1,1,1,1
"JP","Japan",2006,1,1,1,1,1,1,1,1,1,1,1,1,1,1,1,1,1,1,1
"JP","Japan",2007,1,1,1,1,1,1,1,1,1,1,1,1,1,1,1,1,1,1,1
"JP","Japan",2008,1,1,1,1,1,1,1,1,1,1,1,1,1,1,1,1,1,1,1
"JP","Japan",2009,1,1,1,1,1,1,1,1,1,1,1,1,1,1,1,1,1,1,1
"JP","Japan",2010,1,1,1,1,1,1,1,1,0,1,1,1,0,1,1,1,1,1,1
"JP","Japan",2011,1,1,1,1,1,1,1,1,0,1,0,1,0,1,1,0,1,1,0
"KR","Korea, Rep.",1998,1,1,1,1,1,1,0,1,0,1,0,1,1,1,1,1,1,1,1
"KR","Korea, Rep.",1999,1,1,1,1,1,1,0,1,0,1,0,1,1,1,1,1,1,1,1
"KR","Korea, Rep.",2000,1,1,1,1,1,1,1,1,0,1,0,1,1,1,1,1,1,1,0
"KR","Korea, Rep.",2001,1,1,1,1,1,1,1,1,0,1,0,1,1,1,1,1,1,1,0
"KR","Korea, Rep.",2002,1,1,1,1,1,1,1,1,1,1,1,1,1,1,1,1,1,1,1
"KR","Korea, Rep.",2003,1,1,1,1,1,1,1,1,1,1,1,1,1,1,1,1,1,1,1
"KR","Korea, Rep.",2004,1,1,1,1,1,1,1,1,1,1,1,1,1,1,1,1,1,1,1
"KR","Korea, Rep.",2005,1,1,1,1,1,1,1,1,1,1,1,1,1,1,1,1,1,1,1
"KR","Korea, Rep.",2006,1,1,0,1,1,1,1,1,1,1,1,1,1,1,1,0,1,1,1
"KR","Korea, Rep.",2007,1,1,0,1,1,1,1,1,1,1,1,1,1,1,1,0,1,1,1
"KR","Korea, Rep.",2008,1,1,0,1,1,1,1,1,1,1,1,1,1,1,1,1,1,1,1
"KR","Korea, Rep.",2009,1,1,0,1,1,1,1,1,1,1,1,1,1,1,1,1,1,1,1
"KR","Korea, Rep.",2010,1,1,0,1,1,1,1,1,0,1,1,1,1,1,1,1,1,1,1
"KR","Korea, Rep.",2011,1,1,0,1,1,1,1,1,0,1,0,1,1,1,1,1,1,1,0
"LV","Latvia",1998,1,1,0,1,1,1,0,1,0,1,0,1,1,1,1,1,1,1,1
"LV","Latvia",1999,1,1,0,1,1,1,0,1,1,1,1,1,1,1,1,1,1,1,1
"LV","Latvia",2000,1,1,0,1,1,1,1,1,1,1,1,1,1,1,1,1,1,1,1
"LV","Latvia",2001,1,1,0,1,1,1,1,1,1,1,1,1,1,1,1,1,1,1,1
"LV","Latvia",2002,1,1,0,1,1,1,1,1,1,1,1,1,1,1,1,1,1,1,1
"LV","Latvia",2003,1,1,0,1,1,1,1,1,1,1,1,1,1,1,1,1,1,1,1
"LV","Latvia",2004,1,1,0,1,1,1,1,1,1,1,1,1,1,1,1,1,1,1,1
"LV","Latvia",2005,1,1,0,1,1,1,1,1,1,1,1,1,1,1,1,1,1,1,1
"LV","Latvia",2006,1,1,0,0,1,0,1,1,1,1,1,1,1,1,1,1,1,1,1
"LV","Latvia",2007,1,1,0,0,1,0,1,1,1,1,1,1,1,1,1,1,1,1,1
"LV","Latvia",2008,1,1,0,0,1,0,1,1,1,1,1,1,1,1,1,1,1,1,1
"LV","Latvia",2009,0,0,0,0,1,0,1,1,1,0,1,1,1,1,1,1,0,1,1
"LV","Latvia",2010,0,0,0,0,1,0,1,1,1,0,1,1,1,1,1,1,0,1,1
"LV","Latvia",2011,0,0,0,0,1,0,1,1,1,0,1,1,1,1,1,1,0,1,1
"LT","Lithuania",1998,1,1,0,1,1,1,0,1,0,1,0,1,1,1,1,1,1,1,1
"LT","Lithuania",1999,1,1,0,1,1,1,0,1,0,1,0,1,1,1,1,1,1,1,1
"LT","Lithuania",2000,1,1,0,1,1,1,0,1,0,1,0,1,1,1,1,1,1,1,1
"LT","Lithuania",2001,1,1,0,1,1,1,0,1,1,1,0,1,1,1,1,1,1,1,0
"LT","Lithuania",2002,1,1,0,1,1,1,0,1,1,1,0,1,1,1,1,1,1,1,0
"LT","Lithuania",2003,1,1,0,1,1,1,0,1,1,1,0,1,1,1,1,1,1,1,0
"LT","Lithuania",2004,1,1,0,1,1,1,1,1,1,1,1,1,1,1,1,1,1,1,0
"LT","Lithuania",2005,1,1,0,1,1,1,1,1,1,1,1,1,1,1,1,1,1,1,1
"LT","Lithuania",2006,1,1,0,1,1,1,1,1,1,1,1,1,1,1,1,1,1,1,1
"LT","Lithuania",2007,1,1,0,1,1,1,1,1,1,1,1,1,1,1,1,1,1,1,1
"LT","Lithuania",2008,1,1,0,1,1,1,1,1,1,1,1,1,1,1,1,1,1,1,1
"LT","Lithuania",2009,0,0,0,0,1,0,1,1,1,0,1,1,1,1,1,1,0,1,1
"LT","Lithuania",2010,0,0,0,0,1,0,1,1,1,0,1,1,1,1,1,1,0,1,1
"LT","Lithuania",2011,0,0,0,1,1,0,1,1,1,0,1,1,1,1,1,1,0,1,1
"LU","Luxembourg",1998,0,0,0,0,0,0,0,0,0,0,0,0,0,0,1,1,0,1,0
"LU","Luxembourg",1999,0,0,0,0,0,0,0,0,1,0,0,0,1,0,1,1,1,1,0
"LU","Luxembourg",2000,1,1,0,0,1,0,0,1,1,1,0,1,1,1,1,1,1,1,0
"LU","Luxembourg",2001,1,1,0,0,1,0,0,1,1,1,0,1,1,1,1,1,1,1,0
"LU","Luxembourg",2002,1,1,0,0,1,0,0,1,1,1,0,1,1,1,1,1,1,1,0
"LU","Luxembourg",2003,1,1,0,1,1,0,0,1,1,1,0,1,1,1,1,1,1,1,0
"LU","Luxembourg",2004,1,1,0,1,1,1,0,1,0,1,1,1,1,1,1,1,1,1,0
"LU","Luxembourg",2005,1,1,0,0,1,0,0,1,0,1,1,1,1,1,1,1,1,1,0
"LU","Luxembourg",2006,1,1,0,0,1,0,0,1,0,1,1,1,1,1,1,1,1,1,0
"LU","Luxembourg",2007,1,1,0,0,1,0,0,1,0,1,1,1,1,1,1,1,1,1,0
"LU","Luxembourg",2008,1,1,0,0,1,0,0,1,0,1,1,1,1,1,1,1,1,1,0
"LU","Luxembourg",2009,1,1,0,1,1,0,0,1,0,1,1,1,1,1,1,1,1,1,1
"LU","Luxembourg",2010,1,1,0,1,1,1,0,1,0,1,1,1,1,1,1,1,1,1,1
"LU","Luxembourg",2011,1,1,0,1,1,1,0,1,0,1,0,1,1,1,1,1,1,1,1
"MK","Macedonia, FYR",1998,1,1,0,1,1,1,0,1,0,1,0,1,1,1,1,0,1,1,0
"MK","Macedonia, FYR",1999,1,1,0,1,1,1,0,1,0,1,0,1,1,1,1,0,1,1,0
"MK","Macedonia, FYR",2000,1,1,0,1,1,1,0,1,1,1,0,1,1,1,0,0,1,0,0
"MK","Macedonia, FYR",2001,1,1,0,1,1,1,0,1,1,1,0,1,1,1,0,0,1,0,0
"MK","Macedonia, FYR",2002,1,1,0,1,1,1,0,1,1,1,0,1,1,1,1,0,1,1,0
"MK","Macedonia, FYR",2003,1,1,0,1,1,1,0,1,1,1,0,1,1,1,1,0,1,1,0
"MK","Macedonia, FYR",2004,1,1,0,1,1,1,0,1,1,1,0,1,1,1,1,1,1,1,1
"MK","Macedonia, FYR",2005,1,1,0,1,1,1,0,1,1,1,0,1,1,1,1,1,1,1,1
"MK","Macedonia, FYR",2006,1,1,0,1,1,1,1,1,1,1,1,1,1,1,1,1,1,1,1
"MK","Macedonia, FYR",2007,1,1,0,1,1,1,1,1,1,1,1,1,1,1,1,1,1,1,1
"MK","Macedonia, FYR",2008,1,1,0,1,1,1,0,1,0,1,1,1,1,1,1,1,1,1,1
"MK","Macedonia, FYR",2009,1,1,0,1,1,1,0,1,1,1,1,1,1,1,1,1,1,1,1
"MK","Macedonia, FYR",2010,1,1,0,1,1,1,0,1,0,1,1,1,1,1,1,1,1,1,1
"MK","Macedonia, FYR",2011,1,1,0,1,1,1,0,1,0,1,0,1,1,1,1,1,1,1,1
"MY","Malaysia",1998,1,1,0,1,1,1,0,1,0,1,0,1,1,1,1,1,1,1,0
"MY","Malaysia",1999,1,1,0,1,1,1,0,1,0,1,0,1,1,1,1,1,1,1,1
"MY","Malaysia",2000,1,1,0,1,1,1,1,1,0,1,0,1,1,1,1,1,1,1,1
"MY","Malaysia",2001,1,1,0,1,1,1,1,1,0,1,1,1,1,1,1,1,1,1,1
"MY","Malaysia",2002,1,1,0,1,1,1,1,1,1,1,1,1,1,1,1,1,1,1,1
"MY","Malaysia",2003,1,1,0,1,1,1,1,1,1,1,1,1,1,1,1,1,1,1,1
"MY","Malaysia",2004,1,1,0,1,1,1,1,1,1,1,1,1,1,1,1,1,1,1,1
"MY","Malaysia",2005,1,1,0,1,1,1,1,1,1,1,1,1,1,1,1,1,1,1,1
"MY","Malaysia",2006,1,1,0,1,1,1,1,1,1,1,1,1,1,1,1,1,1,1,1
"MY","Malaysia",2007,1,1,0,1,1,1,1,1,1,1,1,1,1,1,1,1,1,1,1
"MY","Malaysia",2008,1,1,0,1,1,1,1,1,1,1,1,1,1,1,1,1,1,1,1
"MY","Malaysia",2009,1,1,0,1,1,1,1,1,1,1,0,1,1,1,1,1,1,1,1
"MY","Malaysia",2010,1,1,0,1,1,1,1,1,1,1,0,1,1,1,1,1,1,1,1
"MY","Malaysia",2011,1,1,0,1,1,1,1,1,0,1,0,1,1,1,1,1,1,1,1
"MX","Mexico",1998,1,1,1,0,1,0,0,1,1,1,0,1,1,1,1,1,1,1,1
"MX","Mexico",1999,1,1,1,0,1,0,0,1,1,1,0,1,1,1,1,1,1,1,1
"MX","Mexico",2000,1,1,1,0,1,0,1,1,1,1,1,1,1,1,1,1,1,1,1
"MX","Mexico",2001,1,1,1,0,1,0,1,1,1,1,1,1,1,1,1,1,1,1,1
"MX","Mexico",2002,1,1,1,0,1,0,1,1,1,1,1,1,1,1,1,1,1,1,1
"MX","Mexico",2003,1,1,1,0,1,0,1,1,1,1,1,1,1,1,1,1,1,1,1
"MX","Mexico",2004,1,1,1,0,1,0,1,1,1,1,1,1,1,1,1,1,1,1,1
"MX","Mexico",2005,1,1,1,0,1,0,1,1,1,1,1,1,1,1,1,1,1,1,1
"MX","Mexico",2006,1,1,1,0,1,0,1,1,1,1,1,1,1,1,1,1,1,1,1
"MX","Mexico",2007,1,1,1,0,1,0,1,1,1,1,1,1,1,1,1,1,1,1,1
"MX","Mexico",2008,1,1,1,0,1,0,1,1,1,1,1,1,1,1,1,1,1,1,1
"MX","Mexico",2009,1,1,1,0,1,0,1,1,1,1,1,1,1,1,1,1,1,1,1
"MX","Mexico",2010,1,1,1,0,1,0,1,1,1,1,1,1,1,1,1,1,1,1,1
"MX","Mexico",2011,1,1,1,0,1,0,1,1,1,1,1,1,1,1,1,1,1,1,1
"MC","Monaco",1998,0,0,0,0,0,0,0,0,0,0,0,0,0,0,0,0,0,0,0
"MC","Monaco",1999,0,0,0,0,0,0,0,0,0,0,0,0,0,0,0,0,0,0,0
"MC","Monaco",2000,0,0,0,0,0,0,0,0,0,0,0,0,0,0,0,0,0,0,0
"MC","Monaco",2001,0,0,0,0,0,0,0,0,0,0,0,0,0,0,0,0,0,0,0
"MC","Monaco",2002,0,0,0,0,0,0,0,0,0,0,0,0,0,0,0,0,0,0,0
"MC","Monaco",2003,0,0,0,0,0,0,0,0,0,0,0,0,0,0,0,0,0,0,0
"MC","Monaco",2004,0,0,0,0,0,0,0,0,0,0,0,0,0,0,0,0,0,0,0
"MC","Monaco",2005,0,0,0,0,0,0,0,0,0,0,0,0,0,0,0,0,0,0,0
"MC","Monaco",2006,0,0,0,0,0,0,0,0,0,0,0,0,0,0,0,0,0,0,0
"MC","Monaco",2007,0,0,0,0,0,0,0,0,0,0,0,0,0,0,0,0,0,0,0
"MC","Monaco",2008,0,0,0,0,0,0,0,0,0,0,0,0,0,0,0,0,0,0,0
"MC","Monaco",2009,0,0,0,0,0,0,0,0,0,0,0,0,0,0,0,0,0,0,0
"MC","Monaco",2010,0,0,0,0,0,0,0,0,0,0,0,0,0,0,0,0,0,0,0
"MC","Monaco",2011,0,0,0,0,0,0,0,0,0,0,0,0,0,0,0,0,0,0,0
"NL","Netherlands",1998,0,0,1,0,1,1,0,0,1,0,0,0,0,0,1,1,0,1,0
"NL","Netherlands",1999,0,0,0,1,1,1,0,0,1,0,0,1,1,0,1,1,1,1,1
"NL","Netherlands",2000,1,1,0,1,1,1,1,1,1,1,1,1,1,1,1,1,1,1,1
"NL","Netherlands",2001,1,1,0,1,1,1,1,1,1,1,1,1,1,1,1,1,1,1,1
"NL","Netherlands",2002,1,1,0,1,1,1,1,1,1,1,1,1,1,1,1,1,1,1,1
"NL","Netherlands",2003,1,1,0,1,1,1,1,1,1,1,1,1,1,1,1,1,1,1,1
"NL","Netherlands",2004,1,1,0,1,1,1,1,1,1,1,1,1,1,1,1,1,1,1,1
"NL","Netherlands",2005,1,1,0,1,1,1,1,1,1,1,1,1,1,1,0,1,1,1,1
"NL","Netherlands",2006,1,1,0,1,1,1,1,1,1,1,1,1,1,1,0,1,1,1,0
"NL","Netherlands",2007,1,1,0,1,1,1,1,1,1,1,1,1,1,1,0,1,1,1,0
"NL","Netherlands",2008,1,1,0,1,1,1,1,1,1,1,1,1,1,1,1,1,1,1,0
"NL","Netherlands",2009,1,1,0,1,1,1,1,1,1,1,1,1,1,1,1,1,1,1,0
"NL","Netherlands",2010,1,1,0,1,1,1,1,1,1,1,1,1,1,1,1,1,1,1,0
"NL","Netherlands",2011,1,1,0,1,1,1,1,1,1,1,0,1,1,1,1,1,1,1,0
"NZ","New Zealand",1998,1,1,0,1,1,1,0,1,0,1,0,1,1,1,0,0,1,0,0
"NZ","New Zealand",1999,1,1,0,1,1,1,0,1,0,1,0,1,1,1,0,0,1,0,0
"NZ","New Zealand",2000,1,1,0,1,1,1,1,1,0,1,0,1,1,1,0,0,1,0,0
"NZ","New Zealand",2001,1,1,0,1,1,1,1,1,0,1,1,1,1,1,0,0,1,0,0
"NZ","New Zealand",2002,1,1,0,1,1,1,1,1,0,1,1,1,1,1,0,0,1,0,0
"NZ","New Zealand",2003,1,1,0,1,1,1,1,1,0,1,1,1,1,1,0,0,1,0,0
"NZ","New Zealand",2004,1,1,0,1,1,1,1,1,0,1,1,1,1,1,0,0,1,0,0
"NZ","New Zealand",2005,1,1,0,1,1,1,1,1,0,1,1,1,1,1,0,0,1,0,0
"NZ","New Zealand",2006,1,1,0,1,1,1,1,1,0,1,1,1,1,1,0,0,1,0,0
"NZ","New Zealand",2007,1,1,0,1,1,1,1,1,0,1,1,1,1,1,0,0,1,0,0
"NZ","New Zealand",2008,1,1,0,1,1,1,1,1,0,1,1,1,1,1,0,0,1,0,0
"NZ","New Zealand",2009,1,1,0,1,1,1,1,1,0,1,1,1,1,1,0,0,1,0,0
"NZ","New Zealand",2010,1,1,0,1,1,1,1,1,0,1,1,1,1,1,0,0,1,0,0
"NZ","New Zealand",2011,0,0,0,0,0,0,1,0,0,0,0,0,0,0,0,0,0,0,0
"NO","Norway",1998,1,1,1,1,1,1,0,1,1,1,0,1,1,1,1,1,1,1,1
"NO","Norway",1999,1,1,1,1,1,1,0,1,1,1,0,1,1,1,1,1,1,1,1
"NO","Norway",2000,1,1,1,1,1,1,1,1,1,1,1,1,1,1,1,1,1,1,1
"NO","Norway",2001,1,1,1,1,1,1,1,1,1,1,1,1,1,1,1,1,1,1,1
"NO","Norway",2002,1,1,1,1,1,1,1,1,1,1,1,1,1,1,1,1,1,1,1
"NO","Norway",2003,1,1,1,1,1,1,1,1,1,1,1,1,1,1,1,1,1,1,1
"NO","Norway",2004,1,1,1,1,1,1,1,1,1,1,1,1,1,1,1,1,1,1,1
"NO","Norway",2005,1,1,1,1,1,1,1,1,1,1,1,1,1,1,1,1,1,1,1
"NO","Norway",2006,1,1,1,1,1,1,1,1,1,1,1,1,1,1,1,1,1,1,1
"NO","Norway",2007,0,0,0,0,0,1,1,0,1,0,1,0,0,0,1,1,0,1,1
"NO","Norway",2008,0,0,0,0,0,1,1,0,1,0,1,0,0,0,1,1,0,1,1
"NO","Norway",2009,0,0,0,0,0,1,1,0,1,0,1,0,0,0,1,1,0,1,1
"NO","Norway",2010,0,0,0,0,0,0,1,0,1,0,1,0,0,0,1,1,0,1,1
"NO","Norway",2011,0,0,0,0,0,0,1,0,1,0,0,0,0,0,1,1,0,1,1
"PE","Peru",1998,1,1,1,1,1,1,0,1,0,1,0,1,1,1,1,1,1,1,1
"PE","Peru",1999,1,1,1,1,1,1,0,1,1,1,0,1,1,1,1,1,1,1,1
"PE","Peru",2000,1,1,1,1,1,1,0,1,1,1,1,1,1,1,0,1,1,1,0
"PE","Peru",2001,1,1,1,1,1,1,0,1,1,1,1,1,1,1,1,1,1,1,1
"PE","Peru",2002,1,1,1,1,1,1,1,1,1,1,1,1,1,1,1,1,1,1,1
"PE","Peru",2003,1,1,1,1,1,1,1,1,1,1,1,1,1,1,1,1,1,1,1
"PE","Peru",2004,1,1,1,1,1,1,1,1,1,1,1,1,1,1,1,1,1,1,1
"PE","Peru",2005,1,1,1,1,1,1,1,1,1,1,1,1,1,1,1,1,1,1,1
"PE","Peru",2006,1,1,1,0,1,0,1,1,1,1,1,1,1,1,1,1,1,1,1
"PE","Peru",2007,1,1,1,0,1,0,1,1,1,1,1,1,1,1,1,1,1,1,1
"PE","Peru",2008,1,1,1,0,1,0,1,1,1,1,1,1,1,1,1,1,1,1,1
"PE","Peru",2009,1,1,1,0,1,0,1,1,1,1,1,1,1,1,1,1,1,1,1
"PE","Peru",2010,1,1,1,0,1,0,1,1,1,1,1,1,1,1,1,1,1,1,1
"PE","Peru",2011,1,1,1,0,1,0,1,1,0,1,1,1,1,1,1,1,1,1,1
"PH","Philippines",1998,1,1,1,1,1,1,0,1,0,1,0,1,1,1,1,1,1,1,1
"PH","Philippines",1999,1,1,1,1,1,1,0,1,0,1,0,1,1,1,1,1,1,1,1
"PH","Philippines",2000,1,1,1,1,1,1,1,1,0,1,0,1,1,1,1,1,1,1,1
"PH","Philippines",2001,1,1,1,1,1,1,1,1,0,1,0,1,1,1,1,1,1,1,1
"PH","Philippines",2002,1,1,1,1,1,1,1,1,1,1,0,1,1,1,1,1,1,1,1
"PH","Philippines",2003,1,1,1,1,1,1,1,1,1,1,0,1,1,1,1,1,1,1,1
"PH","Philippines",2004,1,1,1,1,1,1,1,1,1,1,0,1,1,1,1,1,1,1,1
"PH","Philippines",2005,1,1,1,1,1,1,1,1,1,1,0,1,1,1,1,1,1,1,1
"PH","Philippines",2006,1,1,1,1,1,1,1,1,1,1,1,1,1,1,1,1,1,1,1
"PH","Philippines",2007,1,1,1,1,1,1,1,1,1,1,0,1,1,1,1,1,1,1,1
"PH","Philippines",2008,1,1,0,1,1,1,1,1,1,1,1,1,1,1,1,1,1,1,1
"PH","Philippines",2009,1,1,0,1,1,1,1,1,1,1,1,1,1,1,1,1,1,1,1
"PH","Philippines",2010,1,1,0,1,1,1,1,1,0,1,1,1,1,1,1,1,1,1,1
"PH","Philippines",2011,1,1,0,1,1,1,1,1,0,1,0,1,1,1,1,1,1,1,1
"PL","Poland",1998,1,1,0,1,1,1,1,1,1,1,0,1,1,1,1,1,1,1,0
"PL","Poland",1999,1,1,0,1,1,1,1,1,1,1,0,1,1,1,1,1,1,1,0
"PL","Poland",2000,1,1,0,1,1,1,1,1,1,1,1,1,1,1,1,1,1,1,1
"PL","Poland",2001,1,1,0,1,1,1,1,1,1,1,1,1,1,1,0,1,1,1,0
"PL","Poland",2002,1,1,0,1,1,1,1,1,1,1,1,1,1,1,1,1,1,1,1
"PL","Poland",2003,1,1,0,1,1,1,1,1,1,1,1,1,1,1,1,1,1,1,1
"PL","Poland",2004,1,1,0,1,1,1,1,1,1,1,1,1,1,1,1,1,1,1,1
"PL","Poland",2005,1,1,0,1,1,1,1,1,1,1,1,1,1,1,1,1,1,1,1
"PL","Poland",2006,1,1,0,1,1,1,1,1,1,1,1,1,1,1,1,1,1,1,1
"PL","Poland",2007,1,1,0,1,1,1,1,1,1,1,1,1,1,1,1,1,1,1,1
"PL","Poland",2008,1,1,0,1,1,1,1,1,1,1,1,1,1,1,1,1,1,1,1
"PL","Poland",2009,0,0,0,0,1,0,1,1,1,0,1,1,1,1,1,1,0,1,1
"PL","Poland",2010,0,0,0,0,1,0,1,1,1,0,1,1,1,1,1,1,0,1,1
"PL","Poland",2011,0,0,0,0,1,0,1,1,1,0,1,1,1,1,1,1,0,1,1
"PT","Portugal",1998,1,1,0,1,1,1,0,1,0,1,0,1,1,1,1,1,1,1,0
"PT","Portugal",1999,1,1,0,1,1,1,0,1,1,1,0,1,1,1,1,1,1,1,0
"PT","Portugal",2000,1,1,0,1,1,1,1,1,1,1,1,1,1,1,1,1,1,1,1
"PT","Portugal",2001,1,1,0,1,1,1,1,1,1,1,1,1,1,1,1,1,1,1,1
"PT","Portugal",2002,1,1,0,1,1,1,1,1,1,1,1,1,1,1,1,1,1,1,1
"PT","Portugal",2003,1,1,0,1,1,1,1,1,1,1,1,1,1,1,1,1,1,1,1
"PT","Portugal",2004,1,1,0,1,1,1,1,1,1,1,1,1,1,1,1,1,1,1,1
"PT","Portugal",2005,1,1,0,1,1,1,1,1,1,1,1,1,1,1,1,1,1,1,1
"PT","Portugal",2006,1,1,0,1,1,1,1,1,1,1,1,1,1,1,0,1,1,1,0
"PT","Portugal",2007,1,1,0,1,1,1,1,1,1,1,1,1,1,1,1,1,1,1,1
"PT","Portugal",2008,1,1,0,1,1,1,1,1,1,1,1,1,1,1,1,1,1,1,1
"PT","Portugal",2009,1,1,0,1,1,1,1,1,1,1,1,1,1,1,1,1,1,1,1
"PT","Portugal",2010,1,1,0,1,1,1,1,1,1,1,1,1,1,1,1,1,1,1,1
"PT","Portugal",2011,1,1,0,1,1,1,1,1,1,1,0,1,1,1,1,1,1,1,1
"RO","Romania",1998,1,1,0,1,1,1,0,1,0,1,0,1,1,1,0,0,1,0,0
"RO","Romania",1999,1,1,0,1,1,1,0,1,0,1,0,1,1,1,0,0,1,0,0
"RO","Romania",2000,1,1,0,1,1,1,1,1,0,1,0,1,1,1,0,1,1,1,0
"RO","Romania",2001,1,1,0,1,1,1,1,1,0,1,0,1,1,1,0,1,1,1,0
"RO","Romania",2002,1,1,0,1,1,1,1,1,0,1,0,1,1,1,0,1,1,1,0
"RO","Romania",2003,1,1,0,1,1,1,1,1,1,1,0,1,1,1,1,1,1,1,1
"RO","Romania",2004,1,1,0,0,1,0,1,1,1,1,0,1,1,1,1,1,1,1,1
"RO","Romania",2005,1,1,0,0,1,0,1,1,1,1,0,1,1,1,1,1,1,1,1
"RO","Romania",2006,1,1,0,1,1,0,1,1,1,1,0,1,1,1,1,1,1,1,1
"RO","Romania",2007,1,1,0,1,1,1,1,1,1,1,1,1,1,1,1,1,1,1,1
"RO","Romania",2008,1,1,0,1,1,1,1,1,1,1,1,1,1,1,1,1,1,1,1
"RO","Romania",2009,1,1,1,1,1,1,1,1,1,1,1,1,1,1,1,1,1,1,1
"RO","Romania",2010,1,1,1,0,1,0,1,1,1,1,1,1,1,1,1,1,1,1,1
"RO","Romania",2011,1,1,1,0,1,0,1,1,0,1,1,1,1,1,1,1,1,1,1
"RU","Russian Federation",1998,1,1,0,1,1,1,0,1,0,1,0,1,1,1,1,1,1,1,1
"RU","Russian Federation",1999,1,1,0,1,1,1,0,1,0,1,0,1,1,1,1,1,1,1,1
"RU","Russian Federation",2000,1,1,0,1,1,1,1,1,0,1,0,1,1,1,1,1,1,1,1
"RU","Russian Federation",2001,1,1,0,1,1,1,1,1,0,1,0,1,1,1,1,0,1,1,1
"RU","Russian Federation",2002,1,1,0,1,1,1,1,1,0,1,1,1,1,1,1,1,1,1,1
"RU","Russian Federation",2003,1,1,0,1,1,1,1,1,0,1,1,1,1,1,1,1,1,1,1
"RU","Russian Federation",2004,1,1,0,1,1,1,1,1,0,1,1,1,1,1,1,1,1,1,1
"RU","Russian Federation",2005,1,1,0,1,1,1,1,1,1,1,1,1,1,1,1,1,1,1,1
"RU","Russian Federation",2006,1,1,1,1,1,1,1,1,1,1,1,1,1,1,1,1,1,1,1
"RU","Russian Federation",2007,1,1,1,1,1,1,1,1,1,1,1,1,1,1,1,1,1,1,1
"RU","Russian Federation",2008,1,1,1,1,1,1,1,1,1,1,1,1,1,1,1,1,1,1,1
"RU","Russian Federation",2009,1,1,1,1,1,1,1,1,1,1,1,1,1,1,1,1,1,1,1
"RU","Russian Federation",2010,1,1,1,1,1,1,1,1,1,1,1,1,1,1,1,1,1,1,1
"RU","Russian Federation",2011,1,1,1,1,1,1,1,1,1,1,0,1,1,1,1,1,1,1,1
"SA","Saudi Arabia",1998,1,1,1,0,1,0,0,1,0,1,0,1,1,1,1,1,1,1,0
"SA","Saudi Arabia",1999,1,1,1,0,1,0,0,1,0,1,0,1,1,1,1,1,1,1,1
"SA","Saudi Arabia",2000,1,1,1,0,1,0,1,1,0,1,0,1,1,1,1,1,1,1,1
"SA","Saudi Arabia",2001,1,1,1,0,1,0,1,1,0,1,0,1,1,1,1,1,1,1,1
"SA","Saudi Arabia",2002,1,1,1,0,1,0,1,1,0,1,0,1,1,1,1,1,1,1,1
"SA","Saudi Arabia",2003,1,1,1,0,1,0,1,1,0,1,0,1,1,1,1,1,1,1,1
"SA","Saudi Arabia",2004,1,1,1,0,1,0,1,1,0,1,0,1,1,1,1,1,1,1,1
"SA","Saudi Arabia",2005,1,1,1,0,1,0,1,1,0,1,0,1,1,1,1,1,1,1,1
"SA","Saudi Arabia",2006,1,1,1,0,1,0,1,1,0,1,0,1,1,1,1,1,1,1,1
"SA","Saudi Arabia",2007,1,1,1,0,1,0,1,1,0,1,0,1,1,1,1,1,1,1,1
"SA","Saudi Arabia",2008,1,1,1,0,1,0,1,1,0,1,0,1,1,1,1,1,1,1,1
"SA","Saudi Arabia",2009,1,1,1,0,1,0,1,1,0,1,0,1,1,1,1,1,1,1,1
"SA","Saudi Arabia",2010,1,1,1,0,1,0,1,1,0,1,0,1,1,1,1,1,1,1,1
"SA","Saudi Arabia",2011,1,1,1,0,1,0,0,1,0,1,0,1,1,1,0,1,1,1,0
"RS","Serbia",1998,1,1,0,1,1,1,0,1,0,1,0,1,1,1,0,0,1,0,0
"RS","Serbia",1999,1,1,0,1,1,1,0,1,0,1,0,1,1,1,0,0,1,0,0
"RS","Serbia",2000,1,1,0,1,1,1,0,1,0,1,0,1,1,1,0,0,1,0,0
"RS","Serbia",2001,1,1,0,1,1,1,0,1,0,1,0,1,1,1,0,0,1,0,0
"RS","Serbia",2002,1,1,0,1,1,1,0,1,1,1,0,1,1,1,1,1,1,1,0
"RS","Serbia",2003,1,1,0,1,1,1,0,1,1,1,0,1,1,1,1,1,1,1,1
"RS","Serbia",2004,1,1,0,1,1,1,0,1,1,1,0,1,1,1,1,1,1,1,1
"RS","Serbia",2005,1,1,0,1,1,1,0,1,1,1,0,1,1,1,0,1,1,1,0
"RS","Serbia",2006,1,1,0,1,1,1,0,1,1,1,1,1,1,1,0,1,1,1,0
"RS","Serbia",2007,1,1,0,1,1,1,0,1,1,1,1,1,1,1,1,1,1,1,0
"RS","Serbia",2008,1,1,0,1,1,1,0,1,1,1,1,1,1,1,1,1,1,1,1
"RS","Serbia",2009,1,1,0,1,1,1,0,1,1,1,1,1,1,1,1,1,1,1,1
"RS","Serbia",2010,1,1,0,1,1,1,0,1,1,1,1,1,1,1,1,1,1,1,1
"RS","Serbia",2011,1,1,0,1,1,1,0,1,1,1,1,1,1,1,1,1,1,1,1
"SG","Singapore",1998,1,1,1,0,1,0,0,1,0,1,1,1,1,1,0,1,1,1,0
"SG","Singapore",1999,1,1,1,0,1,0,0,1,0,1,1,1,1,1,1,1,1,1,1
"SG","Singapore",2000,1,1,1,1,1,0,0,1,1,1,1,1,1,1,1,1,1,1,0
"SG","Singapore",2001,1,1,1,1,1,1,0,1,1,1,1,1,1,1,1,1,1,1,1
"SG","Singapore",2002,1,1,1,1,1,1,0,1,1,1,1,1,1,1,1,1,1,1,1
"SG","Singapore",2003,1,1,1,1,1,1,1,1,1,1,1,1,1,1,1,1,1,1,1
"SG","Singapore",2004,1,1,1,1,1,1,1,1,1,1,1,1,1,1,1,1,1,1,1
"SG","Singapore",2005,1,1,1,1,1,1,1,1,1,1,1,1,1,1,1,1,1,1,1
"SG","Singapore",2006,1,1,1,1,1,1,1,1,1,1,1,1,1,1,1,1,1,1,1
"SG","Singapore",2007,1,1,1,1,1,1,0,1,1,1,1,1,1,1,1,1,1,1,1
"SG","Singapore",2008,1,1,1,1,1,1,0,1,1,1,1,1,1,1,1,1,1,1,1
"SG","Singapore",2009,1,1,1,1,1,1,0,1,1,1,1,1,1,1,1,1,1,1,1
"SG","Singapore",2010,1,1,1,1,1,1,0,1,1,1,1,1,1,1,1,1,1,1,1
"SG","Singapore",2011,1,1,1,1,1,1,0,1,0,1,0,1,1,1,1,1,1,1,1
"SK","Slovak Republic",1998,1,1,0,1,0,1,0,1,0,1,0,1,1,1,1,1,1,1,0
"SK","Slovak Republic",1999,1,1,0,1,0,1,0,1,0,1,0,1,1,1,1,1,1,1,1
"SK","Slovak Republic",2000,1,1,0,1,0,1,0,1,0,1,0,1,1,1,1,1,1,1,1
"SK","Slovak Republic",2001,1,1,0,1,0,1,0,1,0,1,1,1,1,1,1,1,1,1,1
"SK","Slovak Republic",2002,1,1,0,1,0,1,0,1,0,1,1,1,1,1,1,1,1,1,1
"SK","Slovak Republic",2003,1,1,0,1,0,1,1,1,1,1,1,1,1,1,1,1,1,1,1
"SK","Slovak Republic",2004,1,1,0,1,0,1,1,1,1,1,0,1,1,1,1,1,1,1,1
"SK","Slovak Republic",2005,1,1,0,1,0,1,1,1,1,1,1,1,1,1,1,1,1,1,1
"SK","Slovak Republic",2006,1,1,0,1,0,1,1,1,1,1,1,1,1,1,1,1,1,1,0
"SK","Slovak Republic",2007,1,1,0,1,0,1,1,1,1,1,1,1,1,1,1,1,1,1,0
"SK","Slovak Republic",2008,1,1,0,1,0,1,1,1,0,1,1,1,1,1,1,1,1,1,1
"SK","Slovak Republic",2009,1,1,0,1,0,1,1,1,1,1,1,0,1,1,1,1,1,1,1
"SK","Slovak Republic",2010,1,1,0,1,1,1,1,1,1,1,1,0,1,1,1,1,1,1,1
"SK","Slovak Republic",2011,1,1,0,1,1,1,1,1,1,1,1,0,1,1,1,1,1,1,1
"SI","Slovenia",1998,1,1,0,1,1,1,0,1,0,1,0,1,1,1,1,0,1,1,0
"SI","Slovenia",1999,1,1,0,1,1,1,0,1,0,1,0,1,1,1,1,0,1,1,1
"SI","Slovenia",2000,1,1,0,1,1,1,0,1,0,1,0,1,1,1,1,1,1,1,1
"SI","Slovenia",2001,1,1,0,1,1,1,0,1,1,1,0,1,1,1,0,0,1,0,0
"SI","Slovenia",2002,1,1,0,1,1,1,0,1,1,1,1,1,1,1,1,1,1,1,1
"SI","Slovenia",2003,1,1,0,1,1,1,0,1,1,1,1,1,1,1,1,1,1,1,1
"SI","Slovenia",2004,1,1,0,1,1,1,0,1,1,1,1,1,1,1,1,1,1,1,1
"SI","Slovenia",2005,1,1,0,1,1,1,0,1,1,1,1,1,1,1,1,1,1,1,1
"SI","Slovenia",2006,1,1,0,1,1,1,0,1,1,1,1,1,1,1,0,1,1,1,0
"SI","Slovenia",2007,1,1,0,1,1,1,1,1,1,1,1,1,1,1,0,1,1,1,0
"SI","Slovenia",2008,1,1,0,1,1,1,1,1,1,1,1,1,1,1,1,1,1,1,1
"SI","Slovenia",2009,1,1,0,1,1,1,1,1,1,1,1,1,1,1,1,1,1,1,1
"SI","Slovenia",2010,1,1,0,1,1,1,1,1,1,1,1,1,1,1,1,1,1,1,1
"SI","Slovenia",2011,1,1,0,1,1,1,1,1,1,1,1,1,1,1,1,0,1,1,1
"ZA","South Africa",1998,1,1,1,1,1,1,0,1,0,1,0,1,1,1,1,0,1,1,1
"ZA","South Africa",1999,1,1,1,1,1,1,0,1,0,1,0,1,1,1,1,1,1,1,1
"ZA","South Africa",2000,1,1,1,1,1,1,1,1,1,1,0,1,1,1,0,1,1,1,1
"ZA","South Africa",2001,1,1,1,1,1,1,1,1,1,1,0,1,1,1,1,1,1,1,1
"ZA","South Africa",2002,1,1,1,1,1,1,1,1,1,1,0,1,1,1,1,1,1,1,1
"ZA","South Africa",2003,1,1,1,1,1,1,1,1,1,1,1,1,1,1,1,1,1,1,1
"ZA","South Africa",2004,1,1,1,1,1,1,1,1,1,1,1,1,1,1,1,1,1,1,1
"ZA","South Africa",2005,1,1,1,1,1,1,1,1,1,1,1,1,1,1,1,1,1,1,1
"ZA","South Africa",2006,1,1,1,1,1,1,1,1,1,1,1,1,1,1,1,1,1,1,1
"ZA","South Africa",2007,1,1,1,1,1,1,1,1,1,1,1,1,1,1,1,1,1,1,1
"ZA","South Africa",2008,1,1,1,1,1,1,1,1,1,1,0,1,1,1,1,1,1,1,1
"ZA","South Africa",2009,1,1,1,1,1,1,1,1,1,1,0,1,1,1,1,1,1,1,1
"ZA","South Africa",2010,1,1,1,1,1,1,1,1,0,1,0,1,1,1,1,1,1,1,1
"ZA","South Africa",2011,1,1,1,1,1,1,1,1,0,1,0,1,1,1,1,1,1,1,1
"ES","Spain",1998,1,1,0,1,1,1,0,1,0,1,0,1,1,1,1,1,1,1,1
"ES","Spain",1999,1,1,0,1,1,1,1,1,1,1,0,1,1,1,1,1,1,1,1
"ES","Spain",2000,1,1,0,1,1,1,1,1,1,1,1,1,1,1,1,1,1,1,1
"ES","Spain",2001,1,1,0,1,1,1,1,1,1,1,1,1,1,1,1,1,1,1,0
"ES","Spain",2002,1,1,0,1,1,1,1,1,1,1,1,1,1,1,1,1,1,1,1
"ES","Spain",2003,1,1,0,1,1,1,1,1,1,1,1,1,1,1,1,1,1,1,1
"ES","Spain",2004,1,1,0,1,1,1,1,1,1,1,1,1,1,1,1,1,1,1,1
"ES","Spain",2005,1,1,0,1,1,1,1,1,1,1,1,1,1,1,1,1,1,1,1
"ES","Spain",2006,1,1,0,1,1,1,1,1,1,1,1,1,1,1,1,1,1,1,1
"ES","Spain",2007,1,1,0,1,1,1,1,1,1,1,1,1,1,1,1,1,1,1,1
"ES","Spain",2008,1,1,0,1,1,1,1,1,1,1,1,1,1,1,1,1,1,1,1
"ES","Spain",2009,1,1,0,1,1,1,1,1,1,1,1,1,1,1,1,1,1,1,1
"ES","Spain",2010,1,1,0,1,1,1,1,1,1,1,1,1,1,1,1,1,1,1,1
"ES","Spain",2011,1,1,0,1,1,1,1,1,1,1,0,1,1,1,1,1,1,1,1
"SE","Sweden",1998,1,1,1,1,1,1,0,1,1,1,0,1,1,0,1,1,0,1,1
"SE","Sweden",1999,1,1,1,1,1,1,0,1,1,1,0,1,1,0,1,1,0,1,1
"SE","Sweden",2000,1,1,0,1,1,1,1,0,1,1,0,1,1,0,1,0,0,1,0
"SE","Sweden",2001,1,1,0,0,1,0,1,0,1,1,1,1,1,0,1,1,1,1,1
"SE","Sweden",2002,1,1,0,0,1,0,1,1,1,1,1,1,1,1,1,1,1,1,1
"SE","Sweden",2003,1,1,0,0,1,0,1,1,1,1,1,1,1,1,1,1,1,1,1
"SE","Sweden",2004,1,1,0,0,1,0,1,1,1,1,1,1,1,1,1,1,1,1,1
"SE","Sweden",2005,1,1,0,0,1,0,1,1,1,1,1,1,1,1,1,1,1,1,1
"SE","Sweden",2006,1,1,0,0,1,0,1,1,1,1,1,1,1,1,1,1,1,1,1
"SE","Sweden",2007,1,1,0,0,1,0,1,1,1,1,1,1,1,1,1,1,1,1,1
"SE","Sweden",2008,1,1,0,0,1,0,1,1,1,1,1,1,1,1,1,1,1,1,1
"SE","Sweden",2009,0,0,0,0,1,0,1,1,1,0,1,1,1,1,1,1,0,1,1
"SE","Sweden",2010,0,0,0,0,1,0,1,1,1,0,1,1,1,1,0,0,0,0,0
"SE","Sweden",2011,0,0,0,0,1,0,1,1,0,0,0,1,1,1,0,0,0,0,0
"CH","Switzerland",1998,1,1,0,1,1,1,0,1,0,1,0,1,1,1,1,1,1,1,0
"CH","Switzerland",1999,1,1,0,1,1,1,0,1,1,1,0,1,1,1,1,1,1,1,0
"CH","Switzerland",2000,1,1,0,1,1,1,1,1,1,1,1,1,1,1,1,1,1,1,0
"CH","Switzerland",2001,1,1,0,1,1,1,1,1,1,1,1,1,1,1,1,1,1,1,0
"CH","Switzerland",2002,1,1,0,1,1,1,1,1,1,1,1,1,1,1,1,1,1,1,1
"CH","Switzerland",2003,1,1,0,1,1,1,1,1,1,1,1,1,1,1,1,1,1,1,1
"CH","Switzerland",2004,1,1,0,1,1,1,1,1,1,1,1,1,1,1,1,1,1,1,1
"CH","Switzerland",2005,1,1,0,1,1,1,1,1,1,1,1,1,1,1,1,1,1,1,1
"CH","Switzerland",2006,1,1,0,1,1,1,1,1,1,1,1,1,1,1,1,1,1,1,1
"CH","Switzerland",2007,1,1,0,1,1,1,1,1,1,1,1,1,1,1,1,1,1,1,1
"CH","Switzerland",2008,1,1,0,1,1,1,1,1,1,1,1,1,1,1,1,1,1,1,1
"CH","Switzerland",2009,1,1,0,1,1,1,1,1,1,1,1,1,1,1,1,1,1,1,1
"CH","Switzerland",2010,1,1,0,1,1,1,1,1,0,1,1,1,1,1,1,1,1,1,1
"CH","Switzerland",2011,1,1,0,1,1,1,1,1,0,1,0,1,1,1,0,0,1,0,0
"TH","Thailand",1998,1,1,0,1,1,1,0,1,0,1,0,1,1,1,1,1,1,1,1
"TH","Thailand",1999,1,1,0,1,1,1,0,1,0,1,0,1,1,1,1,1,1,1,1
"TH","Thailand",2000,1,1,0,1,1,1,1,1,0,1,0,1,1,1,1,1,1,1,1
"TH","Thailand",2001,1,1,0,1,1,1,1,1,0,1,1,1,1,1,1,1,1,1,1
"TH","Thailand",2002,1,1,0,1,1,1,1,1,1,1,1,1,1,1,1,1,1,1,1
"TH","Thailand",2003,1,1,0,1,1,1,1,1,1,1,1,1,1,1,1,1,1,1,1
"TH","Thailand",2004,1,1,0,1,1,1,1,1,1,1,1,1,1,1,1,1,1,1,1
"TH","Thailand",2005,1,1,0,1,1,1,1,1,1,1,1,1,1,1,1,1,1,1,1
"TH","Thailand",2006,1,1,0,1,1,1,1,1,1,1,1,1,1,1,1,1,1,1,1
"TH","Thailand",2007,1,1,0,1,1,1,1,1,1,1,1,1,1,1,1,1,1,1,1
"TH","Thailand",2008,1,1,1,1,1,1,1,1,1,1,1,1,1,1,1,1,1,1,1
"TH","Thailand",2009,1,1,1,1,1,1,1,1,1,1,1,1,1,1,1,1,1,1,1
"TH","Thailand",2010,1,1,1,1,1,1,0,1,1,1,1,1,1,1,1,1,1,1,1
"TH","Thailand",2011,1,1,1,1,1,1,0,1,0,1,0,1,1,1,1,1,1,1,1
"TR","Turkey",1998,1,1,1,1,1,1,0,1,1,1,0,1,1,1,1,1,1,0,1
"TR","Turkey",1999,1,1,1,1,1,1,0,1,1,1,0,1,1,1,1,1,1,1,1
"TR","Turkey",2000,1,1,1,1,1,1,1,1,1,1,0,1,1,1,1,1,1,1,1
"TR","Turkey",2001,1,1,1,1,1,1,1,1,1,1,0,1,1,1,1,1,1,1,1
"TR","Turkey",2002,1,1,1,1,1,1,1,1,1,1,0,1,1,1,1,1,1,1,1
"TR","Turkey",2003,1,1,1,1,1,1,1,1,1,1,1,1,1,1,1,1,1,1,1
"TR","Turkey",2004,1,1,1,1,1,1,1,1,1,1,1,1,1,1,1,1,1,1,1
"TR","Turkey",2005,1,1,1,1,1,1,1,1,1,1,1,1,1,1,1,1,1,1,1
"TR","Turkey",2006,1,1,0,1,1,1,1,1,1,1,1,1,1,1,1,1,1,1,1
"TR","Turkey",2007,1,1,0,1,1,1,1,1,1,1,1,1,1,1,1,1,1,1,1
"TR","Turkey",2008,1,1,0,1,1,1,1,1,1,1,1,1,1,1,1,1,1,1,1
"TR","Turkey",2009,1,1,0,1,1,1,1,1,1,1,1,1,1,1,1,1,1,1,1
"TR","Turkey",2010,1,1,0,1,1,1,1,1,1,1,1,1,1,1,1,1,1,1,1
"TR","Turkey",2011,1,1,0,1,1,1,1,1,1,1,1,1,1,1,1,1,1,1,1
"AE","United Arab Emirates",1998,0,0,0,0,0,0,0,0,0,0,0,1,1,0,1,0,1,1,0
"AE","United Arab Emirates",1999,0,0,0,0,0,0,0,0,0,0,0,1,1,0,1,0,1,1,0
"AE","United Arab Emirates",2000,0,0,0,0,0,0,0,0,0,0,0,1,1,0,1,1,1,1,1
"AE","United Arab Emirates",2001,0,0,0,0,0,0,0,0,0,0,0,1,1,0,1,1,1,1,1
"AE","United Arab Emirates",2002,0,0,0,0,0,0,0,0,0,0,0,1,1,0,1,1,1,1,1
"AE","United Arab Emirates",2003,0,0,0,0,0,0,0,0,0,0,0,1,1,0,1,1,1,1,1
"AE","United Arab Emirates",2004,0,0,0,0,0,0,0,0,0,0,0,1,1,0,1,1,1,1,1
"AE","United Arab Emirates",2005,0,0,0,1,0,0,0,0,0,0,0,1,1,0,1,1,1,1,1
"AE","United Arab Emirates",2006,0,0,0,1,0,0,0,0,1,0,0,1,1,0,1,1,1,1,1
"AE","United Arab Emirates",2007,0,0,0,0,0,0,0,0,1,0,0,1,1,0,1,1,1,1,1
"AE","United Arab Emirates",2008,1,1,0,1,1,0,0,1,1,1,0,1,1,1,1,1,1,1,1
"AE","United Arab Emirates",2009,1,1,0,1,1,1,1,1,1,1,0,1,1,1,1,1,1,1,1
"AE","United Arab Emirates",2010,1,1,0,1,1,1,0,1,1,1,0,1,1,1,1,1,1,1,1
"AE","United Arab Emirates",2011,1,1,0,1,1,1,0,1,0,1,0,1,1,1,1,1,1,1,1
"GB","United Kingdom",1998,1,1,0,1,1,0,1,0,1,1,0,1,1,0,1,1,0,1,1
"GB","United Kingdom",1999,1,1,0,1,1,1,1,0,1,1,0,1,1,0,1,1,0,1,1
"GB","United Kingdom",2000,1,1,0,1,1,1,1,0,1,1,1,1,0,0,1,1,0,1,0
"GB","United Kingdom",2001,1,1,0,1,1,1,1,0,1,1,1,1,1,0,1,1,0,1,1
"GB","United Kingdom",2002,1,1,0,1,1,1,1,0,1,1,1,1,1,0,1,1,0,1,1
"GB","United Kingdom",2003,1,1,0,1,1,1,1,0,1,1,1,1,1,0,1,1,0,1,1
"GB","United Kingdom",2004,1,1,0,1,1,1,1,0,1,1,1,1,1,0,1,1,0,1,1
"GB","United Kingdom",2005,1,1,0,1,1,1,1,0,1,1,1,1,1,0,1,1,0,1,1
"GB","United Kingdom",2006,1,1,0,1,1,1,1,0,1,1,1,1,0,0,1,1,0,1,1
"GB","United Kingdom",2007,1,1,0,1,1,1,1,0,1,1,1,1,0,0,1,1,0,1,0
"GB","United Kingdom",2008,1,1,0,1,1,1,1,0,1,1,1,1,0,0,1,1,0,1,1
"GB","United Kingdom",2009,1,1,0,1,1,1,1,0,1,1,1,1,1,0,1,1,0,1,1
"GB","United Kingdom",2010,1,1,0,1,1,1,1,0,0,1,1,1,1,0,1,1,0,1,1
"GB","United Kingdom",2011,1,1,0,1,1,1,1,0,0,1,0,1,1,0,1,1,0,1,1
"US","United States",1998,1,1,1,1,1,1,1,1,1,1,0,1,1,1,1,1,1,1,1
"US","United States",1999,1,1,1,1,1,1,1,1,1,1,0,1,1,1,1,1,1,1,1
"US","United States",2000,1,1,1,1,1,1,1,1,1,1,1,1,1,1,1,1,1,1,1
"US","United States",2001,1,1,1,1,1,1,1,1,1,1,1,1,1,1,1,1,1,1,1
"US","United States",2002,1,1,1,1,1,1,1,1,1,1,1,1,1,1,1,1,1,1,1
"US","United States",2003,1,1,1,1,1,1,1,1,1,1,1,1,1,1,1,1,1,1,1
"US","United States",2004,1,1,1,1,1,1,1,1,1,1,1,1,1,1,1,1,1,1,1
"US","United States",2005,1,1,1,1,1,1,1,1,1,1,1,1,1,1,1,1,1,1,1
"US","United States",2006,1,1,1,1,1,1,1,1,1,1,1,1,1,1,1,1,1,1,1
"US","United States",2007,1,1,1,1,1,1,1,1,1,1,1,1,1,1,1,1,1,1,1
"US","United States",2008,1,1,1,1,1,1,1,1,1,1,1,1,1,1,1,1,1,1,1
"US","United States",2009,1,1,1,1,1,1,1,1,1,1,1,1,1,1,1,1,1,1,1
"US","United States",2010,1,1,1,1,1,1,1,1,1,1,1,1,1,1,1,1,1,1,1
"US","United States",2011,1,1,1,1,1,1,1,1,1,1,1,1,1,1,1,1,1,1,1
